U4fce6cc2cc3530ae2f4b7ca0609edd40,8241971_34_D_215.jpg,6913717B_5_D_215.jpg,Bottoms,2016,6,2,0.6478519794789841
U4fce6cc2cc3530ae2f4b7ca0609edd40,8241971_34_D_215.jpg,11884730_21_D_215.jpg,Bottoms,2016,6,3,0.7485775778693028
U4fce6cc2cc3530ae2f4b7ca0609edd40,8241971_34_D_215.jpg,7569336B_8_D_215.jpg,Bottoms,2016,6,4,0.3103006186672443
U4fce6cc2cc3530ae2f4b7ca0609edd40,8241971_34_D_215.jpg,20161101225512418_215.jpg,Bottoms,2016,6,5,0.33482464080738567
U4fce6cc2cc3530ae2f4b7ca0609edd40,8241971_34_D_215.jpg,20160609225235972_215.jpg,Bottoms,2016,6,6,0.9227555457385886
U4fce6cc2cc3530ae2f4b7ca0609edd40,8241971_34_D_215.jpg,8375575B_8_D_215.jpg,Bottoms,2016,6,7,0.30998769260628734
U4fce6cc2cc3530ae2f4b7ca0609edd40,8241971_34_D_215.jpg,20160619211733608_215.jpg,Bottoms,2016,6,8,0.4761718036595757
U4fce6cc2cc3530ae2f4b7ca0609edd40,8241971_34_D_215.jpg,20150810123606803_215.jpg,Bottoms,2016,6,9,0
U4fce6cc2cc3530ae2f4b7ca0609edd40,8241971_34_D_215.jpg,20160624063328606_215.jpg,Bottoms,2016,6,10,0.718826343881929
U4fce6cc2cc3530ae2f4b7ca0609edd40,8241971_34_D_215.jpg,20160623235311627_215.jpg,Bottoms,2016,6,11,0.7056227092084592
U4fce6cc2cc3530ae2f4b7ca0609edd40,8241971_34_D_215.jpg,20160325031301096_215.jpg,Bottoms,2016,6,13,0.46569001011263794
U4fce6cc2cc3530ae2f4b7ca0609edd40,8241971_34_D_215.jpg,12459561_8_D_215.jpg,Bottoms,2016,6,14,0.4019295188346796
U4fce6cc2cc3530ae2f4b7ca0609edd40,8241971_34_D_215.jpg,5805618B_33_D_215.jpg,Bottoms,2016,6,15,0.3889715658717147
U4fce6cc2cc3530ae2f4b7ca0609edd40,8241971_34_D_215.jpg,6856645B_8_D_215.jpg,Bottoms,2016,6,17,0.5954094717639018
U4fce6cc2cc3530ae2f4b7ca0609edd40,8241971_34_D_215.jpg,20160410204308159_215.jpg,Bottoms,2016,6,18,0.6649826182153215
U4fce6cc2cc3530ae2f4b7ca0609edd40,8241971_34_D_215.jpg,20160602171941914_215.jpg,Bottoms,2016,6,19,0.17879570870346384
U4fce6cc2cc3530ae2f4b7ca0609edd40,8241971_34_D_215.jpg,20150709045047435_215.jpg,Bottoms,2016,6,20,0.4826598436009266
U4fce6cc2cc3530ae2f4b7ca0609edd40,8241971_34_D_215.jpg,20160518092353424_215.jpg,Bottoms,2016,6,22,0.36349055103688893
U4fce6cc2cc3530ae2f4b7ca0609edd40,8241971_34_D_215.jpg,7815301B_33_D_215.jpg,Bottoms,2016,6,23,0.6307115935702513
U4fce6cc2cc3530ae2f4b7ca0609edd40,8241971_34_D_215.jpg,8788019B_8_D_215.jpg,Bottoms,2016,6,24,0.1935623660437069
U4fce6cc2cc3530ae2f4b7ca0609edd40,8241971_34_D_215.jpg,20141229160037036_215.jpg,Bottoms,2016,6,25,0.5355770939139035
U4fce6cc2cc3530ae2f4b7ca0609edd40,8241971_34_D_215.jpg,10465269B_8_D_215.jpg,Bottoms,2016,6,26,0.5471769572407151
U4fce6cc2cc3530ae2f4b7ca0609edd40,8241971_34_D_215.jpg,9598145B_33_D_215.jpg,Bottoms,2016,6,27,0.3699802392620365
U4fce6cc2cc3530ae2f4b7ca0609edd40,8241971_34_D_215.jpg,20161029171355885_215.jpg,Bottoms,2016,6,28,0.5602149659892403
U4fce6cc2cc3530ae2f4b7ca0609edd40,8241971_34_D_215.jpg,11667312B_16_D_215.jpg,Bottoms,2016,6,29,0.4489795995689983
U4fce6cc2cc3530ae2f4b7ca0609edd40,8241971_34_D_215.jpg,20160621232343436_215.jpg,Bottoms,2016,6,30,0.6140798256887182
U4fce6cc2cc3530ae2f4b7ca0609edd40,8241971_34_D_215.jpg,20160128173245050_215.jpg,Bottoms,2016,6,31,0.4333183775976323
U4fce6cc2cc3530ae2f4b7ca0609edd40,8241971_34_D_215.jpg,9477654B_8_D_215.jpg,Bottoms,2016,6,32,0.51745014261676
U4fce6cc2cc3530ae2f4b7ca0609edd40,8241971_34_D_215.jpg,20160516184819319_215.jpg,Bottoms,2016,6,33,0.4698507586346276
U4fce6cc2cc3530ae2f4b7ca0609edd40,8241971_34_D_215.jpg,12157770B_14_D_215.jpg,Bottoms,2016,6,36,0.591085982776248
U4fce6cc2cc3530ae2f4b7ca0609edd40,8241971_34_D_215.jpg,20160604112145070_215.jpg,Bottoms,2016,6,40,0.33021088056541464
U4fce6cc2cc3530ae2f4b7ca0609edd40,8241971_34_D_215.jpg,20160612161818727_215.jpg,Bottoms,2016,6,42,0.27966227890505296
U4fce6cc2cc3530ae2f4b7ca0609edd40,8241971_34_D_215.jpg,12262004B_34_D_215.jpg,Bottoms,2016,6,45,0.905276746572117
U4fce6cc2cc3530ae2f4b7ca0609edd40,8241971_34_D_215.jpg,7731473_8_D_215.jpg,Bottoms,2016,6,46,0.43742742583366523
U4fce6cc2cc3530ae2f4b7ca0609edd40,8241971_34_D_215.jpg,20160503121029758_215.jpg,Bottoms,2016,6,47,0.055806537716955956
U4fce6cc2cc3530ae2f4b7ca0609edd40,8241971_34_D_215.jpg,20160604133933553_215.jpg,Bottoms,2016,6,48,0.28757047633399013
U4fce6cc2cc3530ae2f4b7ca0609edd40,8241971_34_D_215.jpg,9651502B_8_D_215.jpg,Bottoms,2016,6,51,0.5270030436823325
U4fce6cc2cc3530ae2f4b7ca0609edd40,8241971_34_D_215.jpg,20160619124629041_215.jpg,Bottoms,2016,6,53,0.6322706012104354
U4fce6cc2cc3530ae2f4b7ca0609edd40,8241971_34_D_215.jpg,20160619140655624_215.jpg,Bottoms,2016,6,54,0.38147934222271257
U4fce6cc2cc3530ae2f4b7ca0609edd40,8241971_34_D_215.jpg,6451284B_132_D_215.jpg,Bottoms,2016,6,55,0.6946123709049797
U4fce6cc2cc3530ae2f4b7ca0609edd40,8241971_34_D_215.jpg,10411944B_16_D_215.jpg,Bottoms,2016,6,56,0.33429883403043104
U4fce6cc2cc3530ae2f4b7ca0609edd40,8241971_34_D_215.jpg,20160405072444061_215.jpg,Bottoms,2016,6,57,0.1396576815057591
U4fce6cc2cc3530ae2f4b7ca0609edd40,8241971_34_D_215.jpg,20170122234838473_215.jpg,Bottoms,2016,6,58,0.39634977295133855
U4fce6cc2cc3530ae2f4b7ca0609edd40,8241971_34_D_215.jpg,20151102090807543_215.jpg,Bottoms,2016,6,59,0.4263537250206985
U4fce6cc2cc3530ae2f4b7ca0609edd40,8241971_34_D_215.jpg,8787833_8_D_215.jpg,Bottoms,2016,6,60,0.5285234326073831
U4fce6cc2cc3530ae2f4b7ca0609edd40,8241971_34_D_215.jpg,20160817013842115_215.jpg,Bottoms,2016,6,63,0
U4fce6cc2cc3530ae2f4b7ca0609edd40,8241971_34_D_215.jpg,8330894_236_D_215.jpg,Bottoms,2016,6,64,0.44799720901356344
U4fce6cc2cc3530ae2f4b7ca0609edd40,8241971_34_D_215.jpg,20160509230201627_215.jpg,Bottoms,2016,6,67,0.705805052927785
U4fce6cc2cc3530ae2f4b7ca0609edd40,8241971_34_D_215.jpg,11833040B_8_D_215.jpg,Bottoms,2016,6,68,0.4401925359231114
U4fce6cc2cc3530ae2f4b7ca0609edd40,8241971_34_D_215.jpg,20160608024404213_215.jpg,Bottoms,2016,6,70,0.9197546680980586
U4fce6cc2cc3530ae2f4b7ca0609edd40,8241971_34_D_215.jpg,20150618124654257_215.jpg,Bottoms,2016,6,72,0
U4fce6cc2cc3530ae2f4b7ca0609edd40,8241971_34_D_215.jpg,8288072B_8_D_215.jpg,Bottoms,2016,6,73,0.7204089108223823
U4fce6cc2cc3530ae2f4b7ca0609edd40,8241971_34_D_215.jpg,20160608184654771_215.jpg,Bottoms,2016,6,74,0.14704676840697103
U4fce6cc2cc3530ae2f4b7ca0609edd40,8241971_34_D_215.jpg,20160601112342746_215.jpg,Bottoms,2016,6,75,0.2679971344863535
U4fce6cc2cc3530ae2f4b7ca0609edd40,8241971_34_D_215.jpg,20160419012839936_215.jpg,Bottoms,2016,6,82,0.5840085426162772
U4fce6cc2cc3530ae2f4b7ca0609edd40,8241971_34_D_215.jpg,20160607010721035_215.jpg,Bottoms,2016,6,83,0
U4fce6cc2cc3530ae2f4b7ca0609edd40,8241971_34_D_215.jpg,20160613155801107_215.jpg,Bottoms,2016,6,84,0
U4fce6cc2cc3530ae2f4b7ca0609edd40,8241971_34_D_215.jpg,7489412_1_d_215.jpg,Bottoms,2016,6,85,0.7108348407160114
U4fce6cc2cc3530ae2f4b7ca0609edd40,8241971_34_D_215.jpg,20160611153237880_215.jpg,Bottoms,2016,6,88,0.7092864683093819
U4fce6cc2cc3530ae2f4b7ca0609edd40,8241971_34_D_215.jpg,20160605084329946_215.jpg,Bottoms,2016,6,89,0
U4fce6cc2cc3530ae2f4b7ca0609edd40,8241971_34_D_215.jpg,20160604210029393_215.jpg,Bottoms,2016,6,90,0.3447707235124824
U4fce6cc2cc3530ae2f4b7ca0609edd40,8241971_34_D_215.jpg,20150520093133071_215.jpg,Bottoms,2016,6,91,0
U4fce6cc2cc3530ae2f4b7ca0609edd40,8241971_34_D_215.jpg,20150718055058612_215.jpg,Bottoms,2016,6,92,0
U4fce6cc2cc3530ae2f4b7ca0609edd40,8241971_34_D_215.jpg,8215860B_8_D_215.jpg,Bottoms,2016,6,96,0.357875913561463
U4fce6cc2cc3530ae2f4b7ca0609edd40,8241971_34_D_215.jpg,20150521192339216_215.jpg,Bottoms,2016,6,98,0.6574919448000348
U4fce6cc2cc3530ae2f4b7ca0609edd40,8241971_34_D_215.jpg,12190655_8_D_215.jpg,Bottoms,2016,6,99,0.4238914091589314
U4fce6cc2cc3530ae2f4b7ca0609edd40,8241971_34_D_215.jpg,6913717B_5_D_215.jpg,Bottoms,2016,6,2,0.6478519794789841
U4fce6cc2cc3530ae2f4b7ca0609edd40,8241971_34_D_215.jpg,11884730_21_D_215.jpg,Bottoms,2016,6,3,0.7485775778693028
U4fce6cc2cc3530ae2f4b7ca0609edd40,8241971_34_D_215.jpg,7569336B_8_D_215.jpg,Bottoms,2016,6,4,0.3103006186672443
U4fce6cc2cc3530ae2f4b7ca0609edd40,8241971_34_D_215.jpg,20161101225512418_215.jpg,Bottoms,2016,6,5,0.33482464080738567
U4fce6cc2cc3530ae2f4b7ca0609edd40,8241971_34_D_215.jpg,20160609225235972_215.jpg,Bottoms,2016,6,6,0.9227555457385886
U4fce6cc2cc3530ae2f4b7ca0609edd40,8241971_34_D_215.jpg,8375575B_8_D_215.jpg,Bottoms,2016,6,7,0.30998769260628734
U4fce6cc2cc3530ae2f4b7ca0609edd40,8241971_34_D_215.jpg,20160619211733608_215.jpg,Bottoms,2016,6,8,0.4761718036595757
U4fce6cc2cc3530ae2f4b7ca0609edd40,8241971_34_D_215.jpg,20150810123606803_215.jpg,Bottoms,2016,6,9,0
U4fce6cc2cc3530ae2f4b7ca0609edd40,8241971_34_D_215.jpg,20160624063328606_215.jpg,Bottoms,2016,6,10,0.718826343881929
U4fce6cc2cc3530ae2f4b7ca0609edd40,8241971_34_D_215.jpg,20160623235311627_215.jpg,Bottoms,2016,6,11,0.7056227092084592
U4fce6cc2cc3530ae2f4b7ca0609edd40,8241971_34_D_215.jpg,20160325031301096_215.jpg,Bottoms,2016,6,13,0.46569001011263794
U4fce6cc2cc3530ae2f4b7ca0609edd40,8241971_34_D_215.jpg,12459561_8_D_215.jpg,Bottoms,2016,6,14,0.4019295188346796
U4fce6cc2cc3530ae2f4b7ca0609edd40,8241971_34_D_215.jpg,5805618B_33_D_215.jpg,Bottoms,2016,6,15,0.3889715658717147
U4fce6cc2cc3530ae2f4b7ca0609edd40,8241971_34_D_215.jpg,6856645B_8_D_215.jpg,Bottoms,2016,6,17,0.5954094717639018
U4fce6cc2cc3530ae2f4b7ca0609edd40,8241971_34_D_215.jpg,20160410204308159_215.jpg,Bottoms,2016,6,18,0.6649826182153215
U4fce6cc2cc3530ae2f4b7ca0609edd40,8241971_34_D_215.jpg,20160602171941914_215.jpg,Bottoms,2016,6,19,0.17879570870346384
U4fce6cc2cc3530ae2f4b7ca0609edd40,8241971_34_D_215.jpg,20150709045047435_215.jpg,Bottoms,2016,6,20,0.4826598436009266
U4fce6cc2cc3530ae2f4b7ca0609edd40,8241971_34_D_215.jpg,20160518092353424_215.jpg,Bottoms,2016,6,22,0.36349055103688893
U4fce6cc2cc3530ae2f4b7ca0609edd40,8241971_34_D_215.jpg,7815301B_33_D_215.jpg,Bottoms,2016,6,23,0.6307115935702513
U4fce6cc2cc3530ae2f4b7ca0609edd40,8241971_34_D_215.jpg,8788019B_8_D_215.jpg,Bottoms,2016,6,24,0.1935623660437069
U4fce6cc2cc3530ae2f4b7ca0609edd40,8241971_34_D_215.jpg,20141229160037036_215.jpg,Bottoms,2016,6,25,0.5355770939139035
U4fce6cc2cc3530ae2f4b7ca0609edd40,8241971_34_D_215.jpg,10465269B_8_D_215.jpg,Bottoms,2016,6,26,0.5471769572407151
U4fce6cc2cc3530ae2f4b7ca0609edd40,8241971_34_D_215.jpg,9598145B_33_D_215.jpg,Bottoms,2016,6,27,0.3699802392620365
U4fce6cc2cc3530ae2f4b7ca0609edd40,8241971_34_D_215.jpg,20161029171355885_215.jpg,Bottoms,2016,6,28,0.5602149659892403
U4fce6cc2cc3530ae2f4b7ca0609edd40,8241971_34_D_215.jpg,11667312B_16_D_215.jpg,Bottoms,2016,6,29,0.4489795995689983
U4fce6cc2cc3530ae2f4b7ca0609edd40,8241971_34_D_215.jpg,20160621232343436_215.jpg,Bottoms,2016,6,30,0.6140798256887182
U4fce6cc2cc3530ae2f4b7ca0609edd40,8241971_34_D_215.jpg,20160128173245050_215.jpg,Bottoms,2016,6,31,0.4333183775976323
U4fce6cc2cc3530ae2f4b7ca0609edd40,8241971_34_D_215.jpg,9477654B_8_D_215.jpg,Bottoms,2016,6,32,0.51745014261676
U4fce6cc2cc3530ae2f4b7ca0609edd40,8241971_34_D_215.jpg,20160516184819319_215.jpg,Bottoms,2016,6,33,0.4698507586346276
U4fce6cc2cc3530ae2f4b7ca0609edd40,8241971_34_D_215.jpg,12157770B_14_D_215.jpg,Bottoms,2016,6,36,0.591085982776248
U4fce6cc2cc3530ae2f4b7ca0609edd40,8241971_34_D_215.jpg,20160604112145070_215.jpg,Bottoms,2016,6,40,0.33021088056541464
U4fce6cc2cc3530ae2f4b7ca0609edd40,8241971_34_D_215.jpg,20160612161818727_215.jpg,Bottoms,2016,6,42,0.27966227890505296
U4fce6cc2cc3530ae2f4b7ca0609edd40,8241971_34_D_215.jpg,12262004B_34_D_215.jpg,Bottoms,2016,6,45,0.905276746572117
U4fce6cc2cc3530ae2f4b7ca0609edd40,8241971_34_D_215.jpg,7731473_8_D_215.jpg,Bottoms,2016,6,46,0.43742742583366523
U4fce6cc2cc3530ae2f4b7ca0609edd40,8241971_34_D_215.jpg,20160503121029758_215.jpg,Bottoms,2016,6,47,0.055806537716955956
U4fce6cc2cc3530ae2f4b7ca0609edd40,8241971_34_D_215.jpg,20160604133933553_215.jpg,Bottoms,2016,6,48,0.28757047633399013
U4fce6cc2cc3530ae2f4b7ca0609edd40,8241971_34_D_215.jpg,9651502B_8_D_215.jpg,Bottoms,2016,6,51,0.5270030436823325
U4fce6cc2cc3530ae2f4b7ca0609edd40,8241971_34_D_215.jpg,20160619124629041_215.jpg,Bottoms,2016,6,53,0.6322706012104354
U4fce6cc2cc3530ae2f4b7ca0609edd40,8241971_34_D_215.jpg,20160619140655624_215.jpg,Bottoms,2016,6,54,0.38147934222271257
U4fce6cc2cc3530ae2f4b7ca0609edd40,8241971_34_D_215.jpg,6451284B_132_D_215.jpg,Bottoms,2016,6,55,0.6946123709049797
U4fce6cc2cc3530ae2f4b7ca0609edd40,8241971_34_D_215.jpg,10411944B_16_D_215.jpg,Bottoms,2016,6,56,0.33429883403043104
U4fce6cc2cc3530ae2f4b7ca0609edd40,8241971_34_D_215.jpg,20160405072444061_215.jpg,Bottoms,2016,6,57,0.1396576815057591
U4fce6cc2cc3530ae2f4b7ca0609edd40,8241971_34_D_215.jpg,20170122234838473_215.jpg,Bottoms,2016,6,58,0.39634977295133855
U4fce6cc2cc3530ae2f4b7ca0609edd40,8241971_34_D_215.jpg,20151102090807543_215.jpg,Bottoms,2016,6,59,0.4263537250206985
U4fce6cc2cc3530ae2f4b7ca0609edd40,8241971_34_D_215.jpg,8787833_8_D_215.jpg,Bottoms,2016,6,60,0.5285234326073831
U4fce6cc2cc3530ae2f4b7ca0609edd40,8241971_34_D_215.jpg,20160817013842115_215.jpg,Bottoms,2016,6,63,0
U4fce6cc2cc3530ae2f4b7ca0609edd40,8241971_34_D_215.jpg,8330894_236_D_215.jpg,Bottoms,2016,6,64,0.44799720901356344
U4fce6cc2cc3530ae2f4b7ca0609edd40,8241971_34_D_215.jpg,20160509230201627_215.jpg,Bottoms,2016,6,67,0.705805052927785
U4fce6cc2cc3530ae2f4b7ca0609edd40,8241971_34_D_215.jpg,11833040B_8_D_215.jpg,Bottoms,2016,6,68,0.4401925359231114
U4fce6cc2cc3530ae2f4b7ca0609edd40,8241971_34_D_215.jpg,20160608024404213_215.jpg,Bottoms,2016,6,70,0.9197546680980586
U4fce6cc2cc3530ae2f4b7ca0609edd40,8241971_34_D_215.jpg,20150618124654257_215.jpg,Bottoms,2016,6,72,0
U4fce6cc2cc3530ae2f4b7ca0609edd40,8241971_34_D_215.jpg,8288072B_8_D_215.jpg,Bottoms,2016,6,73,0.7204089108223823
U4fce6cc2cc3530ae2f4b7ca0609edd40,8241971_34_D_215.jpg,20160608184654771_215.jpg,Bottoms,2016,6,74,0.14704676840697103
U4fce6cc2cc3530ae2f4b7ca0609edd40,8241971_34_D_215.jpg,20160601112342746_215.jpg,Bottoms,2016,6,75,0.2679971344863535
U4fce6cc2cc3530ae2f4b7ca0609edd40,8241971_34_D_215.jpg,20160419012839936_215.jpg,Bottoms,2016,6,82,0.5840085426162772
U4fce6cc2cc3530ae2f4b7ca0609edd40,8241971_34_D_215.jpg,20160607010721035_215.jpg,Bottoms,2016,6,83,0
U4fce6cc2cc3530ae2f4b7ca0609edd40,8241971_34_D_215.jpg,20160613155801107_215.jpg,Bottoms,2016,6,84,0
U4fce6cc2cc3530ae2f4b7ca0609edd40,8241971_34_D_215.jpg,7489412_1_d_215.jpg,Bottoms,2016,6,85,0.7108348407160114
U4fce6cc2cc3530ae2f4b7ca0609edd40,8241971_34_D_215.jpg,20160611153237880_215.jpg,Bottoms,2016,6,88,0.7092864683093819
U4fce6cc2cc3530ae2f4b7ca0609edd40,8241971_34_D_215.jpg,20160605084329946_215.jpg,Bottoms,2016,6,89,0
U4fce6cc2cc3530ae2f4b7ca0609edd40,8241971_34_D_215.jpg,20160604210029393_215.jpg,Bottoms,2016,6,90,0.3447707235124824
U4fce6cc2cc3530ae2f4b7ca0609edd40,8241971_34_D_215.jpg,20150520093133071_215.jpg,Bottoms,2016,6,91,0
U4fce6cc2cc3530ae2f4b7ca0609edd40,8241971_34_D_215.jpg,20150718055058612_215.jpg,Bottoms,2016,6,92,0
U4fce6cc2cc3530ae2f4b7ca0609edd40,8241971_34_D_215.jpg,8215860B_8_D_215.jpg,Bottoms,2016,6,96,0.357875913561463
U4fce6cc2cc3530ae2f4b7ca0609edd40,8241971_34_D_215.jpg,20150521192339216_215.jpg,Bottoms,2016,6,98,0.6574919448000348
U4fce6cc2cc3530ae2f4b7ca0609edd40,8241971_34_D_215.jpg,12190655_8_D_215.jpg,Bottoms,2016,6,99,0.4238914091589314
U4fce6cc2cc3530ae2f4b7ca0609edd40,8241971_34_D_215.jpg,6913717B_5_D_215.jpg,Bottoms,2016,6,2,0
U4fce6cc2cc3530ae2f4b7ca0609edd40,8241971_34_D_215.jpg,11884730_21_D_215.jpg,Bottoms,2016,6,3,0
U4fce6cc2cc3530ae2f4b7ca0609edd40,8241971_34_D_215.jpg,7569336B_8_D_215.jpg,Bottoms,2016,6,4,0
U4fce6cc2cc3530ae2f4b7ca0609edd40,8241971_34_D_215.jpg,20161101225512418_215.jpg,Bottoms,2016,6,5,0
U4fce6cc2cc3530ae2f4b7ca0609edd40,8241971_34_D_215.jpg,20160609225235972_215.jpg,Bottoms,2016,6,6,0
U4fce6cc2cc3530ae2f4b7ca0609edd40,8241971_34_D_215.jpg,8375575B_8_D_215.jpg,Bottoms,2016,6,7,0
U4fce6cc2cc3530ae2f4b7ca0609edd40,8241971_34_D_215.jpg,20160619211733608_215.jpg,Bottoms,2016,6,8,0
U4fce6cc2cc3530ae2f4b7ca0609edd40,8241971_34_D_215.jpg,20150810123606803_215.jpg,Bottoms,2016,6,9,0
U4fce6cc2cc3530ae2f4b7ca0609edd40,8241971_34_D_215.jpg,20160624063328606_215.jpg,Bottoms,2016,6,10,0
U4fce6cc2cc3530ae2f4b7ca0609edd40,8241971_34_D_215.jpg,20160623235311627_215.jpg,Bottoms,2016,6,11,0
U4fce6cc2cc3530ae2f4b7ca0609edd40,8241971_34_D_215.jpg,20160325031301096_215.jpg,Bottoms,2016,6,13,0
U4fce6cc2cc3530ae2f4b7ca0609edd40,8241971_34_D_215.jpg,12459561_8_D_215.jpg,Bottoms,2016,6,14,0
U4fce6cc2cc3530ae2f4b7ca0609edd40,8241971_34_D_215.jpg,5805618B_33_D_215.jpg,Bottoms,2016,6,15,0
U4fce6cc2cc3530ae2f4b7ca0609edd40,8241971_34_D_215.jpg,6856645B_8_D_215.jpg,Bottoms,2016,6,17,0
U4fce6cc2cc3530ae2f4b7ca0609edd40,8241971_34_D_215.jpg,20160410204308159_215.jpg,Bottoms,2016,6,18,0
U4fce6cc2cc3530ae2f4b7ca0609edd40,8241971_34_D_215.jpg,20160602171941914_215.jpg,Bottoms,2016,6,19,0
U4fce6cc2cc3530ae2f4b7ca0609edd40,8241971_34_D_215.jpg,20150709045047435_215.jpg,Bottoms,2016,6,20,0
U4fce6cc2cc3530ae2f4b7ca0609edd40,8241971_34_D_215.jpg,20160518092353424_215.jpg,Bottoms,2016,6,22,0
U4fce6cc2cc3530ae2f4b7ca0609edd40,8241971_34_D_215.jpg,7815301B_33_D_215.jpg,Bottoms,2016,6,23,0
U4fce6cc2cc3530ae2f4b7ca0609edd40,8241971_34_D_215.jpg,8788019B_8_D_215.jpg,Bottoms,2016,6,24,0
U4fce6cc2cc3530ae2f4b7ca0609edd40,8241971_34_D_215.jpg,20141229160037036_215.jpg,Bottoms,2016,6,25,0
U4fce6cc2cc3530ae2f4b7ca0609edd40,8241971_34_D_215.jpg,10465269B_8_D_215.jpg,Bottoms,2016,6,26,0
U4fce6cc2cc3530ae2f4b7ca0609edd40,8241971_34_D_215.jpg,9598145B_33_D_215.jpg,Bottoms,2016,6,27,0
U4fce6cc2cc3530ae2f4b7ca0609edd40,8241971_34_D_215.jpg,20161029171355885_215.jpg,Bottoms,2016,6,28,0
U4fce6cc2cc3530ae2f4b7ca0609edd40,8241971_34_D_215.jpg,11667312B_16_D_215.jpg,Bottoms,2016,6,29,0
U4fce6cc2cc3530ae2f4b7ca0609edd40,8241971_34_D_215.jpg,20160621232343436_215.jpg,Bottoms,2016,6,30,0
U4fce6cc2cc3530ae2f4b7ca0609edd40,8241971_34_D_215.jpg,20160128173245050_215.jpg,Bottoms,2016,6,31,0
U4fce6cc2cc3530ae2f4b7ca0609edd40,8241971_34_D_215.jpg,9477654B_8_D_215.jpg,Bottoms,2016,6,32,0
U4fce6cc2cc3530ae2f4b7ca0609edd40,8241971_34_D_215.jpg,20160516184819319_215.jpg,Bottoms,2016,6,33,0
U4fce6cc2cc3530ae2f4b7ca0609edd40,8241971_34_D_215.jpg,12157770B_14_D_215.jpg,Bottoms,2016,6,36,0
U4fce6cc2cc3530ae2f4b7ca0609edd40,8241971_34_D_215.jpg,20160604112145070_215.jpg,Bottoms,2016,6,40,0
U4fce6cc2cc3530ae2f4b7ca0609edd40,8241971_34_D_215.jpg,20160612161818727_215.jpg,Bottoms,2016,6,42,0
U4fce6cc2cc3530ae2f4b7ca0609edd40,8241971_34_D_215.jpg,12262004B_34_D_215.jpg,Bottoms,2016,6,45,0
U4fce6cc2cc3530ae2f4b7ca0609edd40,8241971_34_D_215.jpg,7731473_8_D_215.jpg,Bottoms,2016,6,46,0
U4fce6cc2cc3530ae2f4b7ca0609edd40,8241971_34_D_215.jpg,20160503121029758_215.jpg,Bottoms,2016,6,47,0
U4fce6cc2cc3530ae2f4b7ca0609edd40,8241971_34_D_215.jpg,20160604133933553_215.jpg,Bottoms,2016,6,48,0
U4fce6cc2cc3530ae2f4b7ca0609edd40,8241971_34_D_215.jpg,9651502B_8_D_215.jpg,Bottoms,2016,6,51,0
U4fce6cc2cc3530ae2f4b7ca0609edd40,8241971_34_D_215.jpg,20160619124629041_215.jpg,Bottoms,2016,6,53,0
U4fce6cc2cc3530ae2f4b7ca0609edd40,8241971_34_D_215.jpg,20160619140655624_215.jpg,Bottoms,2016,6,54,0
U4fce6cc2cc3530ae2f4b7ca0609edd40,8241971_34_D_215.jpg,6451284B_132_D_215.jpg,Bottoms,2016,6,55,0
U4fce6cc2cc3530ae2f4b7ca0609edd40,8241971_34_D_215.jpg,10411944B_16_D_215.jpg,Bottoms,2016,6,56,0
U4fce6cc2cc3530ae2f4b7ca0609edd40,8241971_34_D_215.jpg,20160405072444061_215.jpg,Bottoms,2016,6,57,0
U4fce6cc2cc3530ae2f4b7ca0609edd40,8241971_34_D_215.jpg,20170122234838473_215.jpg,Bottoms,2016,6,58,0
U4fce6cc2cc3530ae2f4b7ca0609edd40,8241971_34_D_215.jpg,20151102090807543_215.jpg,Bottoms,2016,6,59,0
U4fce6cc2cc3530ae2f4b7ca0609edd40,8241971_34_D_215.jpg,8787833_8_D_215.jpg,Bottoms,2016,6,60,0
U4fce6cc2cc3530ae2f4b7ca0609edd40,8241971_34_D_215.jpg,20160817013842115_215.jpg,Bottoms,2016,6,63,0
U4fce6cc2cc3530ae2f4b7ca0609edd40,8241971_34_D_215.jpg,8330894_236_D_215.jpg,Bottoms,2016,6,64,0
U4fce6cc2cc3530ae2f4b7ca0609edd40,8241971_34_D_215.jpg,20160509230201627_215.jpg,Bottoms,2016,6,67,0
U4fce6cc2cc3530ae2f4b7ca0609edd40,8241971_34_D_215.jpg,11833040B_8_D_215.jpg,Bottoms,2016,6,68,0
U4fce6cc2cc3530ae2f4b7ca0609edd40,8241971_34_D_215.jpg,20160608024404213_215.jpg,Bottoms,2016,6,70,0
U4fce6cc2cc3530ae2f4b7ca0609edd40,8241971_34_D_215.jpg,20150618124654257_215.jpg,Bottoms,2016,6,72,0
U4fce6cc2cc3530ae2f4b7ca0609edd40,8241971_34_D_215.jpg,8288072B_8_D_215.jpg,Bottoms,2016,6,73,0
U4fce6cc2cc3530ae2f4b7ca0609edd40,8241971_34_D_215.jpg,20160608184654771_215.jpg,Bottoms,2016,6,74,0
U4fce6cc2cc3530ae2f4b7ca0609edd40,8241971_34_D_215.jpg,20160601112342746_215.jpg,Bottoms,2016,6,75,0
U4fce6cc2cc3530ae2f4b7ca0609edd40,8241971_34_D_215.jpg,20160419012839936_215.jpg,Bottoms,2016,6,82,0
U4fce6cc2cc3530ae2f4b7ca0609edd40,8241971_34_D_215.jpg,20160607010721035_215.jpg,Bottoms,2016,6,83,0
U4fce6cc2cc3530ae2f4b7ca0609edd40,8241971_34_D_215.jpg,20160613155801107_215.jpg,Bottoms,2016,6,84,0
U4fce6cc2cc3530ae2f4b7ca0609edd40,8241971_34_D_215.jpg,7489412_1_d_215.jpg,Bottoms,2016,6,85,0
U4fce6cc2cc3530ae2f4b7ca0609edd40,8241971_34_D_215.jpg,20160611153237880_215.jpg,Bottoms,2016,6,88,0
U4fce6cc2cc3530ae2f4b7ca0609edd40,8241971_34_D_215.jpg,20160605084329946_215.jpg,Bottoms,2016,6,89,0
U4fce6cc2cc3530ae2f4b7ca0609edd40,8241971_34_D_215.jpg,20160604210029393_215.jpg,Bottoms,2016,6,90,0
U4fce6cc2cc3530ae2f4b7ca0609edd40,8241971_34_D_215.jpg,20150520093133071_215.jpg,Bottoms,2016,6,91,0
U4fce6cc2cc3530ae2f4b7ca0609edd40,8241971_34_D_215.jpg,20150718055058612_215.jpg,Bottoms,2016,6,92,0
U4fce6cc2cc3530ae2f4b7ca0609edd40,8241971_34_D_215.jpg,8215860B_8_D_215.jpg,Bottoms,2016,6,96,0
U4fce6cc2cc3530ae2f4b7ca0609edd40,8241971_34_D_215.jpg,20150521192339216_215.jpg,Bottoms,2016,6,98,0
U4fce6cc2cc3530ae2f4b7ca0609edd40,8241971_34_D_215.jpg,12190655_8_D_215.jpg,Bottoms,2016,6,99,0
U4fce6cc2cc3530ae2f4b7ca0609edd40,8241971_34_D_215.jpg,6913717B_5_D_215.jpg,Bottoms,2016,6,2,0
U4fce6cc2cc3530ae2f4b7ca0609edd40,8241971_34_D_215.jpg,11884730_21_D_215.jpg,Bottoms,2016,6,3,0
U4fce6cc2cc3530ae2f4b7ca0609edd40,8241971_34_D_215.jpg,7569336B_8_D_215.jpg,Bottoms,2016,6,4,0
U4fce6cc2cc3530ae2f4b7ca0609edd40,8241971_34_D_215.jpg,20161101225512418_215.jpg,Bottoms,2016,6,5,0
U4fce6cc2cc3530ae2f4b7ca0609edd40,8241971_34_D_215.jpg,20160609225235972_215.jpg,Bottoms,2016,6,6,0
U4fce6cc2cc3530ae2f4b7ca0609edd40,8241971_34_D_215.jpg,8375575B_8_D_215.jpg,Bottoms,2016,6,7,0
U4fce6cc2cc3530ae2f4b7ca0609edd40,8241971_34_D_215.jpg,20160619211733608_215.jpg,Bottoms,2016,6,8,0
U4fce6cc2cc3530ae2f4b7ca0609edd40,8241971_34_D_215.jpg,20150810123606803_215.jpg,Bottoms,2016,6,9,0
U4fce6cc2cc3530ae2f4b7ca0609edd40,8241971_34_D_215.jpg,20160624063328606_215.jpg,Bottoms,2016,6,10,0
U4fce6cc2cc3530ae2f4b7ca0609edd40,8241971_34_D_215.jpg,20160623235311627_215.jpg,Bottoms,2016,6,11,0
U4fce6cc2cc3530ae2f4b7ca0609edd40,8241971_34_D_215.jpg,20160325031301096_215.jpg,Bottoms,2016,6,13,0
U4fce6cc2cc3530ae2f4b7ca0609edd40,8241971_34_D_215.jpg,12459561_8_D_215.jpg,Bottoms,2016,6,14,0
U4fce6cc2cc3530ae2f4b7ca0609edd40,8241971_34_D_215.jpg,5805618B_33_D_215.jpg,Bottoms,2016,6,15,0
U4fce6cc2cc3530ae2f4b7ca0609edd40,8241971_34_D_215.jpg,6856645B_8_D_215.jpg,Bottoms,2016,6,17,0
U4fce6cc2cc3530ae2f4b7ca0609edd40,8241971_34_D_215.jpg,20160410204308159_215.jpg,Bottoms,2016,6,18,0
U4fce6cc2cc3530ae2f4b7ca0609edd40,8241971_34_D_215.jpg,20160602171941914_215.jpg,Bottoms,2016,6,19,0
U4fce6cc2cc3530ae2f4b7ca0609edd40,8241971_34_D_215.jpg,20150709045047435_215.jpg,Bottoms,2016,6,20,0
U4fce6cc2cc3530ae2f4b7ca0609edd40,8241971_34_D_215.jpg,20160518092353424_215.jpg,Bottoms,2016,6,22,0
U4fce6cc2cc3530ae2f4b7ca0609edd40,8241971_34_D_215.jpg,7815301B_33_D_215.jpg,Bottoms,2016,6,23,0
U4fce6cc2cc3530ae2f4b7ca0609edd40,8241971_34_D_215.jpg,8788019B_8_D_215.jpg,Bottoms,2016,6,24,0
U4fce6cc2cc3530ae2f4b7ca0609edd40,8241971_34_D_215.jpg,20141229160037036_215.jpg,Bottoms,2016,6,25,0
U4fce6cc2cc3530ae2f4b7ca0609edd40,8241971_34_D_215.jpg,10465269B_8_D_215.jpg,Bottoms,2016,6,26,0
U4fce6cc2cc3530ae2f4b7ca0609edd40,8241971_34_D_215.jpg,9598145B_33_D_215.jpg,Bottoms,2016,6,27,0
U4fce6cc2cc3530ae2f4b7ca0609edd40,8241971_34_D_215.jpg,20161029171355885_215.jpg,Bottoms,2016,6,28,0
U4fce6cc2cc3530ae2f4b7ca0609edd40,8241971_34_D_215.jpg,11667312B_16_D_215.jpg,Bottoms,2016,6,29,0
U4fce6cc2cc3530ae2f4b7ca0609edd40,8241971_34_D_215.jpg,20160621232343436_215.jpg,Bottoms,2016,6,30,0
U4fce6cc2cc3530ae2f4b7ca0609edd40,8241971_34_D_215.jpg,20160128173245050_215.jpg,Bottoms,2016,6,31,0
U4fce6cc2cc3530ae2f4b7ca0609edd40,8241971_34_D_215.jpg,9477654B_8_D_215.jpg,Bottoms,2016,6,32,0
U4fce6cc2cc3530ae2f4b7ca0609edd40,8241971_34_D_215.jpg,20160516184819319_215.jpg,Bottoms,2016,6,33,0
U4fce6cc2cc3530ae2f4b7ca0609edd40,8241971_34_D_215.jpg,12157770B_14_D_215.jpg,Bottoms,2016,6,36,0
U4fce6cc2cc3530ae2f4b7ca0609edd40,8241971_34_D_215.jpg,20160604112145070_215.jpg,Bottoms,2016,6,40,0
U4fce6cc2cc3530ae2f4b7ca0609edd40,8241971_34_D_215.jpg,20160612161818727_215.jpg,Bottoms,2016,6,42,0
U4fce6cc2cc3530ae2f4b7ca0609edd40,8241971_34_D_215.jpg,12262004B_34_D_215.jpg,Bottoms,2016,6,45,0
U4fce6cc2cc3530ae2f4b7ca0609edd40,8241971_34_D_215.jpg,7731473_8_D_215.jpg,Bottoms,2016,6,46,0
U4fce6cc2cc3530ae2f4b7ca0609edd40,8241971_34_D_215.jpg,20160503121029758_215.jpg,Bottoms,2016,6,47,0
U4fce6cc2cc3530ae2f4b7ca0609edd40,8241971_34_D_215.jpg,20160604133933553_215.jpg,Bottoms,2016,6,48,0
U4fce6cc2cc3530ae2f4b7ca0609edd40,8241971_34_D_215.jpg,9651502B_8_D_215.jpg,Bottoms,2016,6,51,0
U4fce6cc2cc3530ae2f4b7ca0609edd40,8241971_34_D_215.jpg,20160619124629041_215.jpg,Bottoms,2016,6,53,0
U4fce6cc2cc3530ae2f4b7ca0609edd40,8241971_34_D_215.jpg,20160619140655624_215.jpg,Bottoms,2016,6,54,0
U4fce6cc2cc3530ae2f4b7ca0609edd40,8241971_34_D_215.jpg,6451284B_132_D_215.jpg,Bottoms,2016,6,55,0
U4fce6cc2cc3530ae2f4b7ca0609edd40,8241971_34_D_215.jpg,10411944B_16_D_215.jpg,Bottoms,2016,6,56,0
U4fce6cc2cc3530ae2f4b7ca0609edd40,8241971_34_D_215.jpg,20160405072444061_215.jpg,Bottoms,2016,6,57,0
U4fce6cc2cc3530ae2f4b7ca0609edd40,8241971_34_D_215.jpg,20170122234838473_215.jpg,Bottoms,2016,6,58,0
U4fce6cc2cc3530ae2f4b7ca0609edd40,8241971_34_D_215.jpg,20151102090807543_215.jpg,Bottoms,2016,6,59,0
U4fce6cc2cc3530ae2f4b7ca0609edd40,8241971_34_D_215.jpg,8787833_8_D_215.jpg,Bottoms,2016,6,60,0
U4fce6cc2cc3530ae2f4b7ca0609edd40,8241971_34_D_215.jpg,20160817013842115_215.jpg,Bottoms,2016,6,63,0
U4fce6cc2cc3530ae2f4b7ca0609edd40,8241971_34_D_215.jpg,8330894_236_D_215.jpg,Bottoms,2016,6,64,0
U4fce6cc2cc3530ae2f4b7ca0609edd40,8241971_34_D_215.jpg,20160509230201627_215.jpg,Bottoms,2016,6,67,0
U4fce6cc2cc3530ae2f4b7ca0609edd40,8241971_34_D_215.jpg,11833040B_8_D_215.jpg,Bottoms,2016,6,68,0
U4fce6cc2cc3530ae2f4b7ca0609edd40,8241971_34_D_215.jpg,20160608024404213_215.jpg,Bottoms,2016,6,70,0
U4fce6cc2cc3530ae2f4b7ca0609edd40,8241971_34_D_215.jpg,20150618124654257_215.jpg,Bottoms,2016,6,72,0
U4fce6cc2cc3530ae2f4b7ca0609edd40,8241971_34_D_215.jpg,8288072B_8_D_215.jpg,Bottoms,2016,6,73,0
U4fce6cc2cc3530ae2f4b7ca0609edd40,8241971_34_D_215.jpg,20160608184654771_215.jpg,Bottoms,2016,6,74,0
U4fce6cc2cc3530ae2f4b7ca0609edd40,8241971_34_D_215.jpg,20160601112342746_215.jpg,Bottoms,2016,6,75,0
U4fce6cc2cc3530ae2f4b7ca0609edd40,8241971_34_D_215.jpg,20160419012839936_215.jpg,Bottoms,2016,6,82,0
U4fce6cc2cc3530ae2f4b7ca0609edd40,8241971_34_D_215.jpg,20160607010721035_215.jpg,Bottoms,2016,6,83,0
U4fce6cc2cc3530ae2f4b7ca0609edd40,8241971_34_D_215.jpg,20160613155801107_215.jpg,Bottoms,2016,6,84,0
U4fce6cc2cc3530ae2f4b7ca0609edd40,8241971_34_D_215.jpg,7489412_1_d_215.jpg,Bottoms,2016,6,85,0
U4fce6cc2cc3530ae2f4b7ca0609edd40,8241971_34_D_215.jpg,20160611153237880_215.jpg,Bottoms,2016,6,88,0
U4fce6cc2cc3530ae2f4b7ca0609edd40,8241971_34_D_215.jpg,20160605084329946_215.jpg,Bottoms,2016,6,89,0
U4fce6cc2cc3530ae2f4b7ca0609edd40,8241971_34_D_215.jpg,20160604210029393_215.jpg,Bottoms,2016,6,90,0
U4fce6cc2cc3530ae2f4b7ca0609edd40,8241971_34_D_215.jpg,20150520093133071_215.jpg,Bottoms,2016,6,91,0
U4fce6cc2cc3530ae2f4b7ca0609edd40,8241971_34_D_215.jpg,20150718055058612_215.jpg,Bottoms,2016,6,92,0
U4fce6cc2cc3530ae2f4b7ca0609edd40,8241971_34_D_215.jpg,8215860B_8_D_215.jpg,Bottoms,2016,6,96,0
U4fce6cc2cc3530ae2f4b7ca0609edd40,8241971_34_D_215.jpg,20150521192339216_215.jpg,Bottoms,2016,6,98,0
U4fce6cc2cc3530ae2f4b7ca0609edd40,8241971_34_D_215.jpg,12190655_8_D_215.jpg,Bottoms,2016,6,99,0
U4fce6cc2cc3530ae2f4b7ca0609edd40,8241971_34_D_215.jpg,6913717B_5_D_215.jpg,Bottoms,2016,6,2,0
U4fce6cc2cc3530ae2f4b7ca0609edd40,8241971_34_D_215.jpg,11884730_21_D_215.jpg,Bottoms,2016,6,3,0
U4fce6cc2cc3530ae2f4b7ca0609edd40,8241971_34_D_215.jpg,7569336B_8_D_215.jpg,Bottoms,2016,6,4,0
U4fce6cc2cc3530ae2f4b7ca0609edd40,8241971_34_D_215.jpg,20161101225512418_215.jpg,Bottoms,2016,6,5,0
U4fce6cc2cc3530ae2f4b7ca0609edd40,8241971_34_D_215.jpg,20160609225235972_215.jpg,Bottoms,2016,6,6,0
U4fce6cc2cc3530ae2f4b7ca0609edd40,8241971_34_D_215.jpg,8375575B_8_D_215.jpg,Bottoms,2016,6,7,0
U4fce6cc2cc3530ae2f4b7ca0609edd40,8241971_34_D_215.jpg,20160619211733608_215.jpg,Bottoms,2016,6,8,0
U4fce6cc2cc3530ae2f4b7ca0609edd40,8241971_34_D_215.jpg,20150810123606803_215.jpg,Bottoms,2016,6,9,0
U4fce6cc2cc3530ae2f4b7ca0609edd40,8241971_34_D_215.jpg,20160624063328606_215.jpg,Bottoms,2016,6,10,0
U4fce6cc2cc3530ae2f4b7ca0609edd40,8241971_34_D_215.jpg,20160623235311627_215.jpg,Bottoms,2016,6,11,0
U4fce6cc2cc3530ae2f4b7ca0609edd40,8241971_34_D_215.jpg,20160325031301096_215.jpg,Bottoms,2016,6,13,0
U4fce6cc2cc3530ae2f4b7ca0609edd40,8241971_34_D_215.jpg,12459561_8_D_215.jpg,Bottoms,2016,6,14,0
U4fce6cc2cc3530ae2f4b7ca0609edd40,8241971_34_D_215.jpg,5805618B_33_D_215.jpg,Bottoms,2016,6,15,0
U4fce6cc2cc3530ae2f4b7ca0609edd40,8241971_34_D_215.jpg,6856645B_8_D_215.jpg,Bottoms,2016,6,17,0
U4fce6cc2cc3530ae2f4b7ca0609edd40,8241971_34_D_215.jpg,20160410204308159_215.jpg,Bottoms,2016,6,18,0
U4fce6cc2cc3530ae2f4b7ca0609edd40,8241971_34_D_215.jpg,20160602171941914_215.jpg,Bottoms,2016,6,19,0
U4fce6cc2cc3530ae2f4b7ca0609edd40,8241971_34_D_215.jpg,20150709045047435_215.jpg,Bottoms,2016,6,20,0
U4fce6cc2cc3530ae2f4b7ca0609edd40,8241971_34_D_215.jpg,20160518092353424_215.jpg,Bottoms,2016,6,22,0
U4fce6cc2cc3530ae2f4b7ca0609edd40,8241971_34_D_215.jpg,7815301B_33_D_215.jpg,Bottoms,2016,6,23,0
U4fce6cc2cc3530ae2f4b7ca0609edd40,8241971_34_D_215.jpg,8788019B_8_D_215.jpg,Bottoms,2016,6,24,0
U4fce6cc2cc3530ae2f4b7ca0609edd40,8241971_34_D_215.jpg,20141229160037036_215.jpg,Bottoms,2016,6,25,0
U4fce6cc2cc3530ae2f4b7ca0609edd40,8241971_34_D_215.jpg,10465269B_8_D_215.jpg,Bottoms,2016,6,26,0
U4fce6cc2cc3530ae2f4b7ca0609edd40,8241971_34_D_215.jpg,9598145B_33_D_215.jpg,Bottoms,2016,6,27,0
U4fce6cc2cc3530ae2f4b7ca0609edd40,8241971_34_D_215.jpg,20161029171355885_215.jpg,Bottoms,2016,6,28,0
U4fce6cc2cc3530ae2f4b7ca0609edd40,8241971_34_D_215.jpg,11667312B_16_D_215.jpg,Bottoms,2016,6,29,0
U4fce6cc2cc3530ae2f4b7ca0609edd40,8241971_34_D_215.jpg,20160621232343436_215.jpg,Bottoms,2016,6,30,0
U4fce6cc2cc3530ae2f4b7ca0609edd40,8241971_34_D_215.jpg,20160128173245050_215.jpg,Bottoms,2016,6,31,0
U4fce6cc2cc3530ae2f4b7ca0609edd40,8241971_34_D_215.jpg,9477654B_8_D_215.jpg,Bottoms,2016,6,32,0
U4fce6cc2cc3530ae2f4b7ca0609edd40,8241971_34_D_215.jpg,20160516184819319_215.jpg,Bottoms,2016,6,33,0
U4fce6cc2cc3530ae2f4b7ca0609edd40,8241971_34_D_215.jpg,12157770B_14_D_215.jpg,Bottoms,2016,6,36,0
U4fce6cc2cc3530ae2f4b7ca0609edd40,8241971_34_D_215.jpg,20160604112145070_215.jpg,Bottoms,2016,6,40,0
U4fce6cc2cc3530ae2f4b7ca0609edd40,8241971_34_D_215.jpg,20160612161818727_215.jpg,Bottoms,2016,6,42,0
U4fce6cc2cc3530ae2f4b7ca0609edd40,8241971_34_D_215.jpg,12262004B_34_D_215.jpg,Bottoms,2016,6,45,0
U4fce6cc2cc3530ae2f4b7ca0609edd40,8241971_34_D_215.jpg,7731473_8_D_215.jpg,Bottoms,2016,6,46,0
U4fce6cc2cc3530ae2f4b7ca0609edd40,8241971_34_D_215.jpg,20160503121029758_215.jpg,Bottoms,2016,6,47,0
U4fce6cc2cc3530ae2f4b7ca0609edd40,8241971_34_D_215.jpg,20160604133933553_215.jpg,Bottoms,2016,6,48,0
U4fce6cc2cc3530ae2f4b7ca0609edd40,8241971_34_D_215.jpg,9651502B_8_D_215.jpg,Bottoms,2016,6,51,0
U4fce6cc2cc3530ae2f4b7ca0609edd40,8241971_34_D_215.jpg,20160619124629041_215.jpg,Bottoms,2016,6,53,0
U4fce6cc2cc3530ae2f4b7ca0609edd40,8241971_34_D_215.jpg,20160619140655624_215.jpg,Bottoms,2016,6,54,0
U4fce6cc2cc3530ae2f4b7ca0609edd40,8241971_34_D_215.jpg,6451284B_132_D_215.jpg,Bottoms,2016,6,55,0
U4fce6cc2cc3530ae2f4b7ca0609edd40,8241971_34_D_215.jpg,10411944B_16_D_215.jpg,Bottoms,2016,6,56,0
U4fce6cc2cc3530ae2f4b7ca0609edd40,8241971_34_D_215.jpg,20160405072444061_215.jpg,Bottoms,2016,6,57,0
U4fce6cc2cc3530ae2f4b7ca0609edd40,8241971_34_D_215.jpg,20170122234838473_215.jpg,Bottoms,2016,6,58,0
U4fce6cc2cc3530ae2f4b7ca0609edd40,8241971_34_D_215.jpg,20151102090807543_215.jpg,Bottoms,2016,6,59,0
U4fce6cc2cc3530ae2f4b7ca0609edd40,8241971_34_D_215.jpg,8787833_8_D_215.jpg,Bottoms,2016,6,60,0
U4fce6cc2cc3530ae2f4b7ca0609edd40,8241971_34_D_215.jpg,20160817013842115_215.jpg,Bottoms,2016,6,63,0
U4fce6cc2cc3530ae2f4b7ca0609edd40,8241971_34_D_215.jpg,8330894_236_D_215.jpg,Bottoms,2016,6,64,0
U4fce6cc2cc3530ae2f4b7ca0609edd40,8241971_34_D_215.jpg,20160509230201627_215.jpg,Bottoms,2016,6,67,0
U4fce6cc2cc3530ae2f4b7ca0609edd40,8241971_34_D_215.jpg,11833040B_8_D_215.jpg,Bottoms,2016,6,68,0
U4fce6cc2cc3530ae2f4b7ca0609edd40,8241971_34_D_215.jpg,20160608024404213_215.jpg,Bottoms,2016,6,70,0
U4fce6cc2cc3530ae2f4b7ca0609edd40,8241971_34_D_215.jpg,20150618124654257_215.jpg,Bottoms,2016,6,72,0
U4fce6cc2cc3530ae2f4b7ca0609edd40,8241971_34_D_215.jpg,8288072B_8_D_215.jpg,Bottoms,2016,6,73,0
U4fce6cc2cc3530ae2f4b7ca0609edd40,8241971_34_D_215.jpg,20160608184654771_215.jpg,Bottoms,2016,6,74,0
U4fce6cc2cc3530ae2f4b7ca0609edd40,8241971_34_D_215.jpg,20160601112342746_215.jpg,Bottoms,2016,6,75,0
U4fce6cc2cc3530ae2f4b7ca0609edd40,8241971_34_D_215.jpg,20160419012839936_215.jpg,Bottoms,2016,6,82,0
U4fce6cc2cc3530ae2f4b7ca0609edd40,8241971_34_D_215.jpg,20160607010721035_215.jpg,Bottoms,2016,6,83,0
U4fce6cc2cc3530ae2f4b7ca0609edd40,8241971_34_D_215.jpg,20160613155801107_215.jpg,Bottoms,2016,6,84,0
U4fce6cc2cc3530ae2f4b7ca0609edd40,8241971_34_D_215.jpg,7489412_1_d_215.jpg,Bottoms,2016,6,85,0
U4fce6cc2cc3530ae2f4b7ca0609edd40,8241971_34_D_215.jpg,20160611153237880_215.jpg,Bottoms,2016,6,88,0
U4fce6cc2cc3530ae2f4b7ca0609edd40,8241971_34_D_215.jpg,20160605084329946_215.jpg,Bottoms,2016,6,89,0
U4fce6cc2cc3530ae2f4b7ca0609edd40,8241971_34_D_215.jpg,20160604210029393_215.jpg,Bottoms,2016,6,90,0
U4fce6cc2cc3530ae2f4b7ca0609edd40,8241971_34_D_215.jpg,20150520093133071_215.jpg,Bottoms,2016,6,91,0
U4fce6cc2cc3530ae2f4b7ca0609edd40,8241971_34_D_215.jpg,20150718055058612_215.jpg,Bottoms,2016,6,92,0
U4fce6cc2cc3530ae2f4b7ca0609edd40,8241971_34_D_215.jpg,8215860B_8_D_215.jpg,Bottoms,2016,6,96,0
U4fce6cc2cc3530ae2f4b7ca0609edd40,8241971_34_D_215.jpg,20150521192339216_215.jpg,Bottoms,2016,6,98,0
U4fce6cc2cc3530ae2f4b7ca0609edd40,8241971_34_D_215.jpg,12190655_8_D_215.jpg,Bottoms,2016,6,99,0
U4fce6cc2cc3530ae2f4b7ca0609edd40,8241971_34_D_215.jpg,6913717B_5_D_215.jpg,Bottoms,2016,6,2,0
U4fce6cc2cc3530ae2f4b7ca0609edd40,8241971_34_D_215.jpg,11884730_21_D_215.jpg,Bottoms,2016,6,3,0
U4fce6cc2cc3530ae2f4b7ca0609edd40,8241971_34_D_215.jpg,7569336B_8_D_215.jpg,Bottoms,2016,6,4,0
U4fce6cc2cc3530ae2f4b7ca0609edd40,8241971_34_D_215.jpg,20161101225512418_215.jpg,Bottoms,2016,6,5,0
U4fce6cc2cc3530ae2f4b7ca0609edd40,8241971_34_D_215.jpg,20160609225235972_215.jpg,Bottoms,2016,6,6,0
U4fce6cc2cc3530ae2f4b7ca0609edd40,8241971_34_D_215.jpg,8375575B_8_D_215.jpg,Bottoms,2016,6,7,0
U4fce6cc2cc3530ae2f4b7ca0609edd40,8241971_34_D_215.jpg,20160619211733608_215.jpg,Bottoms,2016,6,8,0
U4fce6cc2cc3530ae2f4b7ca0609edd40,8241971_34_D_215.jpg,20150810123606803_215.jpg,Bottoms,2016,6,9,0
U4fce6cc2cc3530ae2f4b7ca0609edd40,8241971_34_D_215.jpg,20160624063328606_215.jpg,Bottoms,2016,6,10,0
U4fce6cc2cc3530ae2f4b7ca0609edd40,8241971_34_D_215.jpg,20160623235311627_215.jpg,Bottoms,2016,6,11,0
U4fce6cc2cc3530ae2f4b7ca0609edd40,8241971_34_D_215.jpg,20160325031301096_215.jpg,Bottoms,2016,6,13,0
U4fce6cc2cc3530ae2f4b7ca0609edd40,8241971_34_D_215.jpg,12459561_8_D_215.jpg,Bottoms,2016,6,14,0
U4fce6cc2cc3530ae2f4b7ca0609edd40,8241971_34_D_215.jpg,5805618B_33_D_215.jpg,Bottoms,2016,6,15,0
U4fce6cc2cc3530ae2f4b7ca0609edd40,8241971_34_D_215.jpg,6856645B_8_D_215.jpg,Bottoms,2016,6,17,0
U4fce6cc2cc3530ae2f4b7ca0609edd40,8241971_34_D_215.jpg,20160410204308159_215.jpg,Bottoms,2016,6,18,0
U4fce6cc2cc3530ae2f4b7ca0609edd40,8241971_34_D_215.jpg,20160602171941914_215.jpg,Bottoms,2016,6,19,0
U4fce6cc2cc3530ae2f4b7ca0609edd40,8241971_34_D_215.jpg,20150709045047435_215.jpg,Bottoms,2016,6,20,0
U4fce6cc2cc3530ae2f4b7ca0609edd40,8241971_34_D_215.jpg,20160518092353424_215.jpg,Bottoms,2016,6,22,0
U4fce6cc2cc3530ae2f4b7ca0609edd40,8241971_34_D_215.jpg,7815301B_33_D_215.jpg,Bottoms,2016,6,23,0
U4fce6cc2cc3530ae2f4b7ca0609edd40,8241971_34_D_215.jpg,8788019B_8_D_215.jpg,Bottoms,2016,6,24,0
U4fce6cc2cc3530ae2f4b7ca0609edd40,8241971_34_D_215.jpg,20141229160037036_215.jpg,Bottoms,2016,6,25,0
U4fce6cc2cc3530ae2f4b7ca0609edd40,8241971_34_D_215.jpg,10465269B_8_D_215.jpg,Bottoms,2016,6,26,0
U4fce6cc2cc3530ae2f4b7ca0609edd40,8241971_34_D_215.jpg,9598145B_33_D_215.jpg,Bottoms,2016,6,27,0
U4fce6cc2cc3530ae2f4b7ca0609edd40,8241971_34_D_215.jpg,20161029171355885_215.jpg,Bottoms,2016,6,28,0
U4fce6cc2cc3530ae2f4b7ca0609edd40,8241971_34_D_215.jpg,11667312B_16_D_215.jpg,Bottoms,2016,6,29,0
U4fce6cc2cc3530ae2f4b7ca0609edd40,8241971_34_D_215.jpg,20160621232343436_215.jpg,Bottoms,2016,6,30,0
U4fce6cc2cc3530ae2f4b7ca0609edd40,8241971_34_D_215.jpg,20160128173245050_215.jpg,Bottoms,2016,6,31,0
U4fce6cc2cc3530ae2f4b7ca0609edd40,8241971_34_D_215.jpg,9477654B_8_D_215.jpg,Bottoms,2016,6,32,0
U4fce6cc2cc3530ae2f4b7ca0609edd40,8241971_34_D_215.jpg,20160516184819319_215.jpg,Bottoms,2016,6,33,0
U4fce6cc2cc3530ae2f4b7ca0609edd40,8241971_34_D_215.jpg,12157770B_14_D_215.jpg,Bottoms,2016,6,36,0
U4fce6cc2cc3530ae2f4b7ca0609edd40,8241971_34_D_215.jpg,20160604112145070_215.jpg,Bottoms,2016,6,40,0
U4fce6cc2cc3530ae2f4b7ca0609edd40,8241971_34_D_215.jpg,20160612161818727_215.jpg,Bottoms,2016,6,42,0
U4fce6cc2cc3530ae2f4b7ca0609edd40,8241971_34_D_215.jpg,12262004B_34_D_215.jpg,Bottoms,2016,6,45,0
U4fce6cc2cc3530ae2f4b7ca0609edd40,8241971_34_D_215.jpg,7731473_8_D_215.jpg,Bottoms,2016,6,46,0
U4fce6cc2cc3530ae2f4b7ca0609edd40,8241971_34_D_215.jpg,20160503121029758_215.jpg,Bottoms,2016,6,47,0
U4fce6cc2cc3530ae2f4b7ca0609edd40,8241971_34_D_215.jpg,20160604133933553_215.jpg,Bottoms,2016,6,48,0
U4fce6cc2cc3530ae2f4b7ca0609edd40,8241971_34_D_215.jpg,9651502B_8_D_215.jpg,Bottoms,2016,6,51,0
U4fce6cc2cc3530ae2f4b7ca0609edd40,8241971_34_D_215.jpg,20160619124629041_215.jpg,Bottoms,2016,6,53,0
U4fce6cc2cc3530ae2f4b7ca0609edd40,8241971_34_D_215.jpg,20160619140655624_215.jpg,Bottoms,2016,6,54,0
U4fce6cc2cc3530ae2f4b7ca0609edd40,8241971_34_D_215.jpg,6451284B_132_D_215.jpg,Bottoms,2016,6,55,0
U4fce6cc2cc3530ae2f4b7ca0609edd40,8241971_34_D_215.jpg,10411944B_16_D_215.jpg,Bottoms,2016,6,56,0
U4fce6cc2cc3530ae2f4b7ca0609edd40,8241971_34_D_215.jpg,20160405072444061_215.jpg,Bottoms,2016,6,57,0
U4fce6cc2cc3530ae2f4b7ca0609edd40,8241971_34_D_215.jpg,20170122234838473_215.jpg,Bottoms,2016,6,58,0
U4fce6cc2cc3530ae2f4b7ca0609edd40,8241971_34_D_215.jpg,20151102090807543_215.jpg,Bottoms,2016,6,59,0
U4fce6cc2cc3530ae2f4b7ca0609edd40,8241971_34_D_215.jpg,8787833_8_D_215.jpg,Bottoms,2016,6,60,0
U4fce6cc2cc3530ae2f4b7ca0609edd40,8241971_34_D_215.jpg,20160817013842115_215.jpg,Bottoms,2016,6,63,0
U4fce6cc2cc3530ae2f4b7ca0609edd40,8241971_34_D_215.jpg,8330894_236_D_215.jpg,Bottoms,2016,6,64,0
U4fce6cc2cc3530ae2f4b7ca0609edd40,8241971_34_D_215.jpg,20160509230201627_215.jpg,Bottoms,2016,6,67,0
U4fce6cc2cc3530ae2f4b7ca0609edd40,8241971_34_D_215.jpg,11833040B_8_D_215.jpg,Bottoms,2016,6,68,0
U4fce6cc2cc3530ae2f4b7ca0609edd40,8241971_34_D_215.jpg,20160608024404213_215.jpg,Bottoms,2016,6,70,0
U4fce6cc2cc3530ae2f4b7ca0609edd40,8241971_34_D_215.jpg,20150618124654257_215.jpg,Bottoms,2016,6,72,0
U4fce6cc2cc3530ae2f4b7ca0609edd40,8241971_34_D_215.jpg,8288072B_8_D_215.jpg,Bottoms,2016,6,73,0
U4fce6cc2cc3530ae2f4b7ca0609edd40,8241971_34_D_215.jpg,20160608184654771_215.jpg,Bottoms,2016,6,74,0
U4fce6cc2cc3530ae2f4b7ca0609edd40,8241971_34_D_215.jpg,20160601112342746_215.jpg,Bottoms,2016,6,75,0
U4fce6cc2cc3530ae2f4b7ca0609edd40,8241971_34_D_215.jpg,20160419012839936_215.jpg,Bottoms,2016,6,82,0
U4fce6cc2cc3530ae2f4b7ca0609edd40,8241971_34_D_215.jpg,20160607010721035_215.jpg,Bottoms,2016,6,83,0
U4fce6cc2cc3530ae2f4b7ca0609edd40,8241971_34_D_215.jpg,20160613155801107_215.jpg,Bottoms,2016,6,84,0
U4fce6cc2cc3530ae2f4b7ca0609edd40,8241971_34_D_215.jpg,7489412_1_d_215.jpg,Bottoms,2016,6,85,0
U4fce6cc2cc3530ae2f4b7ca0609edd40,8241971_34_D_215.jpg,20160611153237880_215.jpg,Bottoms,2016,6,88,0
U4fce6cc2cc3530ae2f4b7ca0609edd40,8241971_34_D_215.jpg,20160605084329946_215.jpg,Bottoms,2016,6,89,0
U4fce6cc2cc3530ae2f4b7ca0609edd40,8241971_34_D_215.jpg,20160604210029393_215.jpg,Bottoms,2016,6,90,0
U4fce6cc2cc3530ae2f4b7ca0609edd40,8241971_34_D_215.jpg,20150520093133071_215.jpg,Bottoms,2016,6,91,0
U4fce6cc2cc3530ae2f4b7ca0609edd40,8241971_34_D_215.jpg,20150718055058612_215.jpg,Bottoms,2016,6,92,0
U4fce6cc2cc3530ae2f4b7ca0609edd40,8241971_34_D_215.jpg,8215860B_8_D_215.jpg,Bottoms,2016,6,96,0
U4fce6cc2cc3530ae2f4b7ca0609edd40,8241971_34_D_215.jpg,20150521192339216_215.jpg,Bottoms,2016,6,98,0
U4fce6cc2cc3530ae2f4b7ca0609edd40,8241971_34_D_215.jpg,12190655_8_D_215.jpg,Bottoms,2016,6,99,0
U4fce6cc2cc3530ae2f4b7ca0609edd40,8241971_34_D_215.jpg,6913717B_5_D_215.jpg,Bottoms,2016,6,2,0
U4fce6cc2cc3530ae2f4b7ca0609edd40,8241971_34_D_215.jpg,11884730_21_D_215.jpg,Bottoms,2016,6,3,0
U4fce6cc2cc3530ae2f4b7ca0609edd40,8241971_34_D_215.jpg,7569336B_8_D_215.jpg,Bottoms,2016,6,4,0
U4fce6cc2cc3530ae2f4b7ca0609edd40,8241971_34_D_215.jpg,20161101225512418_215.jpg,Bottoms,2016,6,5,0
U4fce6cc2cc3530ae2f4b7ca0609edd40,8241971_34_D_215.jpg,20160609225235972_215.jpg,Bottoms,2016,6,6,0
U4fce6cc2cc3530ae2f4b7ca0609edd40,8241971_34_D_215.jpg,8375575B_8_D_215.jpg,Bottoms,2016,6,7,0
U4fce6cc2cc3530ae2f4b7ca0609edd40,8241971_34_D_215.jpg,20160619211733608_215.jpg,Bottoms,2016,6,8,0
U4fce6cc2cc3530ae2f4b7ca0609edd40,8241971_34_D_215.jpg,20150810123606803_215.jpg,Bottoms,2016,6,9,0
U4fce6cc2cc3530ae2f4b7ca0609edd40,8241971_34_D_215.jpg,20160624063328606_215.jpg,Bottoms,2016,6,10,0
U4fce6cc2cc3530ae2f4b7ca0609edd40,8241971_34_D_215.jpg,20160623235311627_215.jpg,Bottoms,2016,6,11,0
U4fce6cc2cc3530ae2f4b7ca0609edd40,8241971_34_D_215.jpg,20160325031301096_215.jpg,Bottoms,2016,6,13,0
U4fce6cc2cc3530ae2f4b7ca0609edd40,8241971_34_D_215.jpg,12459561_8_D_215.jpg,Bottoms,2016,6,14,0
U4fce6cc2cc3530ae2f4b7ca0609edd40,8241971_34_D_215.jpg,5805618B_33_D_215.jpg,Bottoms,2016,6,15,0
U4fce6cc2cc3530ae2f4b7ca0609edd40,8241971_34_D_215.jpg,6856645B_8_D_215.jpg,Bottoms,2016,6,17,0
U4fce6cc2cc3530ae2f4b7ca0609edd40,8241971_34_D_215.jpg,20160410204308159_215.jpg,Bottoms,2016,6,18,0
U4fce6cc2cc3530ae2f4b7ca0609edd40,8241971_34_D_215.jpg,20160602171941914_215.jpg,Bottoms,2016,6,19,0
U4fce6cc2cc3530ae2f4b7ca0609edd40,8241971_34_D_215.jpg,20150709045047435_215.jpg,Bottoms,2016,6,20,0
U4fce6cc2cc3530ae2f4b7ca0609edd40,8241971_34_D_215.jpg,20160518092353424_215.jpg,Bottoms,2016,6,22,0
U4fce6cc2cc3530ae2f4b7ca0609edd40,8241971_34_D_215.jpg,7815301B_33_D_215.jpg,Bottoms,2016,6,23,0
U4fce6cc2cc3530ae2f4b7ca0609edd40,8241971_34_D_215.jpg,8788019B_8_D_215.jpg,Bottoms,2016,6,24,0
U4fce6cc2cc3530ae2f4b7ca0609edd40,8241971_34_D_215.jpg,20141229160037036_215.jpg,Bottoms,2016,6,25,0
U4fce6cc2cc3530ae2f4b7ca0609edd40,8241971_34_D_215.jpg,10465269B_8_D_215.jpg,Bottoms,2016,6,26,0
U4fce6cc2cc3530ae2f4b7ca0609edd40,8241971_34_D_215.jpg,9598145B_33_D_215.jpg,Bottoms,2016,6,27,0
U4fce6cc2cc3530ae2f4b7ca0609edd40,8241971_34_D_215.jpg,20161029171355885_215.jpg,Bottoms,2016,6,28,0
U4fce6cc2cc3530ae2f4b7ca0609edd40,8241971_34_D_215.jpg,11667312B_16_D_215.jpg,Bottoms,2016,6,29,0
U4fce6cc2cc3530ae2f4b7ca0609edd40,8241971_34_D_215.jpg,20160621232343436_215.jpg,Bottoms,2016,6,30,0
U4fce6cc2cc3530ae2f4b7ca0609edd40,8241971_34_D_215.jpg,20160128173245050_215.jpg,Bottoms,2016,6,31,0
U4fce6cc2cc3530ae2f4b7ca0609edd40,8241971_34_D_215.jpg,9477654B_8_D_215.jpg,Bottoms,2016,6,32,0
U4fce6cc2cc3530ae2f4b7ca0609edd40,8241971_34_D_215.jpg,20160516184819319_215.jpg,Bottoms,2016,6,33,0
U4fce6cc2cc3530ae2f4b7ca0609edd40,8241971_34_D_215.jpg,12157770B_14_D_215.jpg,Bottoms,2016,6,36,0
U4fce6cc2cc3530ae2f4b7ca0609edd40,8241971_34_D_215.jpg,20160604112145070_215.jpg,Bottoms,2016,6,40,0
U4fce6cc2cc3530ae2f4b7ca0609edd40,8241971_34_D_215.jpg,20160612161818727_215.jpg,Bottoms,2016,6,42,0
U4fce6cc2cc3530ae2f4b7ca0609edd40,8241971_34_D_215.jpg,12262004B_34_D_215.jpg,Bottoms,2016,6,45,0
U4fce6cc2cc3530ae2f4b7ca0609edd40,8241971_34_D_215.jpg,7731473_8_D_215.jpg,Bottoms,2016,6,46,0
U4fce6cc2cc3530ae2f4b7ca0609edd40,8241971_34_D_215.jpg,20160503121029758_215.jpg,Bottoms,2016,6,47,0
U4fce6cc2cc3530ae2f4b7ca0609edd40,8241971_34_D_215.jpg,20160604133933553_215.jpg,Bottoms,2016,6,48,0
U4fce6cc2cc3530ae2f4b7ca0609edd40,8241971_34_D_215.jpg,9651502B_8_D_215.jpg,Bottoms,2016,6,51,0
U4fce6cc2cc3530ae2f4b7ca0609edd40,8241971_34_D_215.jpg,20160619124629041_215.jpg,Bottoms,2016,6,53,0
U4fce6cc2cc3530ae2f4b7ca0609edd40,8241971_34_D_215.jpg,20160619140655624_215.jpg,Bottoms,2016,6,54,0
U4fce6cc2cc3530ae2f4b7ca0609edd40,8241971_34_D_215.jpg,6451284B_132_D_215.jpg,Bottoms,2016,6,55,0
U4fce6cc2cc3530ae2f4b7ca0609edd40,8241971_34_D_215.jpg,10411944B_16_D_215.jpg,Bottoms,2016,6,56,0
U4fce6cc2cc3530ae2f4b7ca0609edd40,8241971_34_D_215.jpg,20160405072444061_215.jpg,Bottoms,2016,6,57,0
U4fce6cc2cc3530ae2f4b7ca0609edd40,8241971_34_D_215.jpg,20170122234838473_215.jpg,Bottoms,2016,6,58,0
U4fce6cc2cc3530ae2f4b7ca0609edd40,8241971_34_D_215.jpg,20151102090807543_215.jpg,Bottoms,2016,6,59,0
U4fce6cc2cc3530ae2f4b7ca0609edd40,8241971_34_D_215.jpg,8787833_8_D_215.jpg,Bottoms,2016,6,60,0
U4fce6cc2cc3530ae2f4b7ca0609edd40,8241971_34_D_215.jpg,20160817013842115_215.jpg,Bottoms,2016,6,63,0
U4fce6cc2cc3530ae2f4b7ca0609edd40,8241971_34_D_215.jpg,8330894_236_D_215.jpg,Bottoms,2016,6,64,0
U4fce6cc2cc3530ae2f4b7ca0609edd40,8241971_34_D_215.jpg,20160509230201627_215.jpg,Bottoms,2016,6,67,0
U4fce6cc2cc3530ae2f4b7ca0609edd40,8241971_34_D_215.jpg,11833040B_8_D_215.jpg,Bottoms,2016,6,68,0
U4fce6cc2cc3530ae2f4b7ca0609edd40,8241971_34_D_215.jpg,20160608024404213_215.jpg,Bottoms,2016,6,70,0
U4fce6cc2cc3530ae2f4b7ca0609edd40,8241971_34_D_215.jpg,20150618124654257_215.jpg,Bottoms,2016,6,72,0
U4fce6cc2cc3530ae2f4b7ca0609edd40,8241971_34_D_215.jpg,8288072B_8_D_215.jpg,Bottoms,2016,6,73,0
U4fce6cc2cc3530ae2f4b7ca0609edd40,8241971_34_D_215.jpg,20160608184654771_215.jpg,Bottoms,2016,6,74,0
U4fce6cc2cc3530ae2f4b7ca0609edd40,8241971_34_D_215.jpg,20160601112342746_215.jpg,Bottoms,2016,6,75,0
U4fce6cc2cc3530ae2f4b7ca0609edd40,8241971_34_D_215.jpg,20160419012839936_215.jpg,Bottoms,2016,6,82,0
U4fce6cc2cc3530ae2f4b7ca0609edd40,8241971_34_D_215.jpg,20160607010721035_215.jpg,Bottoms,2016,6,83,0
U4fce6cc2cc3530ae2f4b7ca0609edd40,8241971_34_D_215.jpg,20160613155801107_215.jpg,Bottoms,2016,6,84,0
U4fce6cc2cc3530ae2f4b7ca0609edd40,8241971_34_D_215.jpg,7489412_1_d_215.jpg,Bottoms,2016,6,85,0
U4fce6cc2cc3530ae2f4b7ca0609edd40,8241971_34_D_215.jpg,20160611153237880_215.jpg,Bottoms,2016,6,88,0
U4fce6cc2cc3530ae2f4b7ca0609edd40,8241971_34_D_215.jpg,20160605084329946_215.jpg,Bottoms,2016,6,89,0
U4fce6cc2cc3530ae2f4b7ca0609edd40,8241971_34_D_215.jpg,20160604210029393_215.jpg,Bottoms,2016,6,90,0
U4fce6cc2cc3530ae2f4b7ca0609edd40,8241971_34_D_215.jpg,20150520093133071_215.jpg,Bottoms,2016,6,91,0
U4fce6cc2cc3530ae2f4b7ca0609edd40,8241971_34_D_215.jpg,20150718055058612_215.jpg,Bottoms,2016,6,92,0
U4fce6cc2cc3530ae2f4b7ca0609edd40,8241971_34_D_215.jpg,8215860B_8_D_215.jpg,Bottoms,2016,6,96,0
U4fce6cc2cc3530ae2f4b7ca0609edd40,8241971_34_D_215.jpg,20150521192339216_215.jpg,Bottoms,2016,6,98,0
U4fce6cc2cc3530ae2f4b7ca0609edd40,8241971_34_D_215.jpg,12190655_8_D_215.jpg,Bottoms,2016,6,99,0
U4fce6cc2cc3530ae2f4b7ca0609edd40,8241971_34_D_215.jpg,6913717B_5_D_215.jpg,Bottoms,2016,6,2,0
U4fce6cc2cc3530ae2f4b7ca0609edd40,8241971_34_D_215.jpg,11884730_21_D_215.jpg,Bottoms,2016,6,3,0
U4fce6cc2cc3530ae2f4b7ca0609edd40,8241971_34_D_215.jpg,7569336B_8_D_215.jpg,Bottoms,2016,6,4,0
U4fce6cc2cc3530ae2f4b7ca0609edd40,8241971_34_D_215.jpg,20161101225512418_215.jpg,Bottoms,2016,6,5,0
U4fce6cc2cc3530ae2f4b7ca0609edd40,8241971_34_D_215.jpg,20160609225235972_215.jpg,Bottoms,2016,6,6,0
U4fce6cc2cc3530ae2f4b7ca0609edd40,8241971_34_D_215.jpg,8375575B_8_D_215.jpg,Bottoms,2016,6,7,0
U4fce6cc2cc3530ae2f4b7ca0609edd40,8241971_34_D_215.jpg,20160619211733608_215.jpg,Bottoms,2016,6,8,0
U4fce6cc2cc3530ae2f4b7ca0609edd40,8241971_34_D_215.jpg,20150810123606803_215.jpg,Bottoms,2016,6,9,0
U4fce6cc2cc3530ae2f4b7ca0609edd40,8241971_34_D_215.jpg,20160624063328606_215.jpg,Bottoms,2016,6,10,0
U4fce6cc2cc3530ae2f4b7ca0609edd40,8241971_34_D_215.jpg,20160623235311627_215.jpg,Bottoms,2016,6,11,0
U4fce6cc2cc3530ae2f4b7ca0609edd40,8241971_34_D_215.jpg,20160325031301096_215.jpg,Bottoms,2016,6,13,0
U4fce6cc2cc3530ae2f4b7ca0609edd40,8241971_34_D_215.jpg,12459561_8_D_215.jpg,Bottoms,2016,6,14,0
U4fce6cc2cc3530ae2f4b7ca0609edd40,8241971_34_D_215.jpg,5805618B_33_D_215.jpg,Bottoms,2016,6,15,0
U4fce6cc2cc3530ae2f4b7ca0609edd40,8241971_34_D_215.jpg,6856645B_8_D_215.jpg,Bottoms,2016,6,17,0
U4fce6cc2cc3530ae2f4b7ca0609edd40,8241971_34_D_215.jpg,20160410204308159_215.jpg,Bottoms,2016,6,18,0
U4fce6cc2cc3530ae2f4b7ca0609edd40,8241971_34_D_215.jpg,20160602171941914_215.jpg,Bottoms,2016,6,19,0
U4fce6cc2cc3530ae2f4b7ca0609edd40,8241971_34_D_215.jpg,20150709045047435_215.jpg,Bottoms,2016,6,20,0
U4fce6cc2cc3530ae2f4b7ca0609edd40,8241971_34_D_215.jpg,20160518092353424_215.jpg,Bottoms,2016,6,22,0
U4fce6cc2cc3530ae2f4b7ca0609edd40,8241971_34_D_215.jpg,7815301B_33_D_215.jpg,Bottoms,2016,6,23,0
U4fce6cc2cc3530ae2f4b7ca0609edd40,8241971_34_D_215.jpg,8788019B_8_D_215.jpg,Bottoms,2016,6,24,0
U4fce6cc2cc3530ae2f4b7ca0609edd40,8241971_34_D_215.jpg,20141229160037036_215.jpg,Bottoms,2016,6,25,0
U4fce6cc2cc3530ae2f4b7ca0609edd40,8241971_34_D_215.jpg,10465269B_8_D_215.jpg,Bottoms,2016,6,26,0
U4fce6cc2cc3530ae2f4b7ca0609edd40,8241971_34_D_215.jpg,9598145B_33_D_215.jpg,Bottoms,2016,6,27,0
U4fce6cc2cc3530ae2f4b7ca0609edd40,8241971_34_D_215.jpg,20161029171355885_215.jpg,Bottoms,2016,6,28,0
U4fce6cc2cc3530ae2f4b7ca0609edd40,8241971_34_D_215.jpg,11667312B_16_D_215.jpg,Bottoms,2016,6,29,0
U4fce6cc2cc3530ae2f4b7ca0609edd40,8241971_34_D_215.jpg,20160621232343436_215.jpg,Bottoms,2016,6,30,0
U4fce6cc2cc3530ae2f4b7ca0609edd40,8241971_34_D_215.jpg,20160128173245050_215.jpg,Bottoms,2016,6,31,0
U4fce6cc2cc3530ae2f4b7ca0609edd40,8241971_34_D_215.jpg,9477654B_8_D_215.jpg,Bottoms,2016,6,32,0
U4fce6cc2cc3530ae2f4b7ca0609edd40,8241971_34_D_215.jpg,20160516184819319_215.jpg,Bottoms,2016,6,33,0
U4fce6cc2cc3530ae2f4b7ca0609edd40,8241971_34_D_215.jpg,12157770B_14_D_215.jpg,Bottoms,2016,6,36,0
U4fce6cc2cc3530ae2f4b7ca0609edd40,8241971_34_D_215.jpg,20160604112145070_215.jpg,Bottoms,2016,6,40,0
U4fce6cc2cc3530ae2f4b7ca0609edd40,8241971_34_D_215.jpg,20160612161818727_215.jpg,Bottoms,2016,6,42,0
U4fce6cc2cc3530ae2f4b7ca0609edd40,8241971_34_D_215.jpg,12262004B_34_D_215.jpg,Bottoms,2016,6,45,0
U4fce6cc2cc3530ae2f4b7ca0609edd40,8241971_34_D_215.jpg,7731473_8_D_215.jpg,Bottoms,2016,6,46,0
U4fce6cc2cc3530ae2f4b7ca0609edd40,8241971_34_D_215.jpg,20160503121029758_215.jpg,Bottoms,2016,6,47,0
U4fce6cc2cc3530ae2f4b7ca0609edd40,8241971_34_D_215.jpg,20160604133933553_215.jpg,Bottoms,2016,6,48,0
U4fce6cc2cc3530ae2f4b7ca0609edd40,8241971_34_D_215.jpg,9651502B_8_D_215.jpg,Bottoms,2016,6,51,0
U4fce6cc2cc3530ae2f4b7ca0609edd40,8241971_34_D_215.jpg,20160619124629041_215.jpg,Bottoms,2016,6,53,0
U4fce6cc2cc3530ae2f4b7ca0609edd40,8241971_34_D_215.jpg,20160619140655624_215.jpg,Bottoms,2016,6,54,0
U4fce6cc2cc3530ae2f4b7ca0609edd40,8241971_34_D_215.jpg,6451284B_132_D_215.jpg,Bottoms,2016,6,55,0
U4fce6cc2cc3530ae2f4b7ca0609edd40,8241971_34_D_215.jpg,10411944B_16_D_215.jpg,Bottoms,2016,6,56,0
U4fce6cc2cc3530ae2f4b7ca0609edd40,8241971_34_D_215.jpg,20160405072444061_215.jpg,Bottoms,2016,6,57,0
U4fce6cc2cc3530ae2f4b7ca0609edd40,8241971_34_D_215.jpg,20170122234838473_215.jpg,Bottoms,2016,6,58,0
U4fce6cc2cc3530ae2f4b7ca0609edd40,8241971_34_D_215.jpg,20151102090807543_215.jpg,Bottoms,2016,6,59,0
U4fce6cc2cc3530ae2f4b7ca0609edd40,8241971_34_D_215.jpg,8787833_8_D_215.jpg,Bottoms,2016,6,60,0
U4fce6cc2cc3530ae2f4b7ca0609edd40,8241971_34_D_215.jpg,20160817013842115_215.jpg,Bottoms,2016,6,63,0
U4fce6cc2cc3530ae2f4b7ca0609edd40,8241971_34_D_215.jpg,8330894_236_D_215.jpg,Bottoms,2016,6,64,0
U4fce6cc2cc3530ae2f4b7ca0609edd40,8241971_34_D_215.jpg,20160509230201627_215.jpg,Bottoms,2016,6,67,0
U4fce6cc2cc3530ae2f4b7ca0609edd40,8241971_34_D_215.jpg,11833040B_8_D_215.jpg,Bottoms,2016,6,68,0
U4fce6cc2cc3530ae2f4b7ca0609edd40,8241971_34_D_215.jpg,20160608024404213_215.jpg,Bottoms,2016,6,70,0
U4fce6cc2cc3530ae2f4b7ca0609edd40,8241971_34_D_215.jpg,20150618124654257_215.jpg,Bottoms,2016,6,72,0
U4fce6cc2cc3530ae2f4b7ca0609edd40,8241971_34_D_215.jpg,8288072B_8_D_215.jpg,Bottoms,2016,6,73,0
U4fce6cc2cc3530ae2f4b7ca0609edd40,8241971_34_D_215.jpg,20160608184654771_215.jpg,Bottoms,2016,6,74,0
U4fce6cc2cc3530ae2f4b7ca0609edd40,8241971_34_D_215.jpg,20160601112342746_215.jpg,Bottoms,2016,6,75,0
U4fce6cc2cc3530ae2f4b7ca0609edd40,8241971_34_D_215.jpg,20160419012839936_215.jpg,Bottoms,2016,6,82,0
U4fce6cc2cc3530ae2f4b7ca0609edd40,8241971_34_D_215.jpg,20160607010721035_215.jpg,Bottoms,2016,6,83,0
U4fce6cc2cc3530ae2f4b7ca0609edd40,8241971_34_D_215.jpg,20160613155801107_215.jpg,Bottoms,2016,6,84,0
U4fce6cc2cc3530ae2f4b7ca0609edd40,8241971_34_D_215.jpg,7489412_1_d_215.jpg,Bottoms,2016,6,85,0
U4fce6cc2cc3530ae2f4b7ca0609edd40,8241971_34_D_215.jpg,20160611153237880_215.jpg,Bottoms,2016,6,88,0
U4fce6cc2cc3530ae2f4b7ca0609edd40,8241971_34_D_215.jpg,20160605084329946_215.jpg,Bottoms,2016,6,89,0
U4fce6cc2cc3530ae2f4b7ca0609edd40,8241971_34_D_215.jpg,20160604210029393_215.jpg,Bottoms,2016,6,90,0
U4fce6cc2cc3530ae2f4b7ca0609edd40,8241971_34_D_215.jpg,20150520093133071_215.jpg,Bottoms,2016,6,91,0
U4fce6cc2cc3530ae2f4b7ca0609edd40,8241971_34_D_215.jpg,20150718055058612_215.jpg,Bottoms,2016,6,92,0
U4fce6cc2cc3530ae2f4b7ca0609edd40,8241971_34_D_215.jpg,8215860B_8_D_215.jpg,Bottoms,2016,6,96,0
U4fce6cc2cc3530ae2f4b7ca0609edd40,8241971_34_D_215.jpg,20150521192339216_215.jpg,Bottoms,2016,6,98,0
U4fce6cc2cc3530ae2f4b7ca0609edd40,8241971_34_D_215.jpg,12190655_8_D_215.jpg,Bottoms,2016,6,99,0
U4fce6cc2cc3530ae2f4b7ca0609edd40,8241971_34_D_215.jpg,6913717B_5_D_215.jpg,Bottoms,2016,6,2,0.6478519794789841
U4fce6cc2cc3530ae2f4b7ca0609edd40,8241971_34_D_215.jpg,11884730_21_D_215.jpg,Bottoms,2016,6,3,0.7485775778693028
U4fce6cc2cc3530ae2f4b7ca0609edd40,8241971_34_D_215.jpg,7569336B_8_D_215.jpg,Bottoms,2016,6,4,0.3103006186672443
U4fce6cc2cc3530ae2f4b7ca0609edd40,8241971_34_D_215.jpg,20161101225512418_215.jpg,Bottoms,2016,6,5,0.33482464080738567
U4fce6cc2cc3530ae2f4b7ca0609edd40,8241971_34_D_215.jpg,20160609225235972_215.jpg,Bottoms,2016,6,6,0.9227555457385886
U4fce6cc2cc3530ae2f4b7ca0609edd40,8241971_34_D_215.jpg,8375575B_8_D_215.jpg,Bottoms,2016,6,7,0.30998769260628734
U4fce6cc2cc3530ae2f4b7ca0609edd40,8241971_34_D_215.jpg,20160619211733608_215.jpg,Bottoms,2016,6,8,0.4761718036595757
U4fce6cc2cc3530ae2f4b7ca0609edd40,8241971_34_D_215.jpg,20150810123606803_215.jpg,Bottoms,2016,6,9,0
U4fce6cc2cc3530ae2f4b7ca0609edd40,8241971_34_D_215.jpg,20160624063328606_215.jpg,Bottoms,2016,6,10,0.718826343881929
U4fce6cc2cc3530ae2f4b7ca0609edd40,8241971_34_D_215.jpg,20160623235311627_215.jpg,Bottoms,2016,6,11,0.7056227092084592
U4fce6cc2cc3530ae2f4b7ca0609edd40,8241971_34_D_215.jpg,20160325031301096_215.jpg,Bottoms,2016,6,13,0.46569001011263794
U4fce6cc2cc3530ae2f4b7ca0609edd40,8241971_34_D_215.jpg,12459561_8_D_215.jpg,Bottoms,2016,6,14,0.4019295188346796
U4fce6cc2cc3530ae2f4b7ca0609edd40,8241971_34_D_215.jpg,5805618B_33_D_215.jpg,Bottoms,2016,6,15,0.3889715658717147
U4fce6cc2cc3530ae2f4b7ca0609edd40,8241971_34_D_215.jpg,6856645B_8_D_215.jpg,Bottoms,2016,6,17,0.5954094717639018
U4fce6cc2cc3530ae2f4b7ca0609edd40,8241971_34_D_215.jpg,20160410204308159_215.jpg,Bottoms,2016,6,18,0.6649826182153215
U4fce6cc2cc3530ae2f4b7ca0609edd40,8241971_34_D_215.jpg,20160602171941914_215.jpg,Bottoms,2016,6,19,0.17879570870346384
U4fce6cc2cc3530ae2f4b7ca0609edd40,8241971_34_D_215.jpg,20150709045047435_215.jpg,Bottoms,2016,6,20,0.4826598436009266
U4fce6cc2cc3530ae2f4b7ca0609edd40,8241971_34_D_215.jpg,20160518092353424_215.jpg,Bottoms,2016,6,22,0.36349055103688893
U4fce6cc2cc3530ae2f4b7ca0609edd40,8241971_34_D_215.jpg,7815301B_33_D_215.jpg,Bottoms,2016,6,23,0.6307115935702513
U4fce6cc2cc3530ae2f4b7ca0609edd40,8241971_34_D_215.jpg,8788019B_8_D_215.jpg,Bottoms,2016,6,24,0.1935623660437069
U4fce6cc2cc3530ae2f4b7ca0609edd40,8241971_34_D_215.jpg,20141229160037036_215.jpg,Bottoms,2016,6,25,0.5355770939139035
U4fce6cc2cc3530ae2f4b7ca0609edd40,8241971_34_D_215.jpg,10465269B_8_D_215.jpg,Bottoms,2016,6,26,0.5471769572407151
U4fce6cc2cc3530ae2f4b7ca0609edd40,8241971_34_D_215.jpg,9598145B_33_D_215.jpg,Bottoms,2016,6,27,0.3699802392620365
U4fce6cc2cc3530ae2f4b7ca0609edd40,8241971_34_D_215.jpg,20161029171355885_215.jpg,Bottoms,2016,6,28,0.5602149659892403
U4fce6cc2cc3530ae2f4b7ca0609edd40,8241971_34_D_215.jpg,11667312B_16_D_215.jpg,Bottoms,2016,6,29,0.4489795995689983
U4fce6cc2cc3530ae2f4b7ca0609edd40,8241971_34_D_215.jpg,20160621232343436_215.jpg,Bottoms,2016,6,30,0.6140798256887182
U4fce6cc2cc3530ae2f4b7ca0609edd40,8241971_34_D_215.jpg,20160128173245050_215.jpg,Bottoms,2016,6,31,0.4333183775976323
U4fce6cc2cc3530ae2f4b7ca0609edd40,8241971_34_D_215.jpg,9477654B_8_D_215.jpg,Bottoms,2016,6,32,0.51745014261676
U4fce6cc2cc3530ae2f4b7ca0609edd40,8241971_34_D_215.jpg,20160516184819319_215.jpg,Bottoms,2016,6,33,0.4698507586346276
U4fce6cc2cc3530ae2f4b7ca0609edd40,8241971_34_D_215.jpg,12157770B_14_D_215.jpg,Bottoms,2016,6,36,0.591085982776248
U4fce6cc2cc3530ae2f4b7ca0609edd40,8241971_34_D_215.jpg,20160604112145070_215.jpg,Bottoms,2016,6,40,0.33021088056541464
U4fce6cc2cc3530ae2f4b7ca0609edd40,8241971_34_D_215.jpg,20160612161818727_215.jpg,Bottoms,2016,6,42,0.27966227890505296
U4fce6cc2cc3530ae2f4b7ca0609edd40,8241971_34_D_215.jpg,12262004B_34_D_215.jpg,Bottoms,2016,6,45,0.905276746572117
U4fce6cc2cc3530ae2f4b7ca0609edd40,8241971_34_D_215.jpg,7731473_8_D_215.jpg,Bottoms,2016,6,46,0.43742742583366523
U4fce6cc2cc3530ae2f4b7ca0609edd40,8241971_34_D_215.jpg,20160503121029758_215.jpg,Bottoms,2016,6,47,0.055806537716955956
U4fce6cc2cc3530ae2f4b7ca0609edd40,8241971_34_D_215.jpg,20160604133933553_215.jpg,Bottoms,2016,6,48,0.28757047633399013
U4fce6cc2cc3530ae2f4b7ca0609edd40,8241971_34_D_215.jpg,9651502B_8_D_215.jpg,Bottoms,2016,6,51,0.5270030436823325
U4fce6cc2cc3530ae2f4b7ca0609edd40,8241971_34_D_215.jpg,20160619124629041_215.jpg,Bottoms,2016,6,53,0.6322706012104354
U4fce6cc2cc3530ae2f4b7ca0609edd40,8241971_34_D_215.jpg,20160619140655624_215.jpg,Bottoms,2016,6,54,0.38147934222271257
U4fce6cc2cc3530ae2f4b7ca0609edd40,8241971_34_D_215.jpg,6451284B_132_D_215.jpg,Bottoms,2016,6,55,0.6946123709049797
U4fce6cc2cc3530ae2f4b7ca0609edd40,8241971_34_D_215.jpg,10411944B_16_D_215.jpg,Bottoms,2016,6,56,0.33429883403043104
U4fce6cc2cc3530ae2f4b7ca0609edd40,8241971_34_D_215.jpg,20160405072444061_215.jpg,Bottoms,2016,6,57,0.1396576815057591
U4fce6cc2cc3530ae2f4b7ca0609edd40,8241971_34_D_215.jpg,20170122234838473_215.jpg,Bottoms,2016,6,58,0.39634977295133855
U4fce6cc2cc3530ae2f4b7ca0609edd40,8241971_34_D_215.jpg,20151102090807543_215.jpg,Bottoms,2016,6,59,0.4263537250206985
U4fce6cc2cc3530ae2f4b7ca0609edd40,8241971_34_D_215.jpg,8787833_8_D_215.jpg,Bottoms,2016,6,60,0.5285234326073831
U4fce6cc2cc3530ae2f4b7ca0609edd40,8241971_34_D_215.jpg,20160817013842115_215.jpg,Bottoms,2016,6,63,0
U4fce6cc2cc3530ae2f4b7ca0609edd40,8241971_34_D_215.jpg,8330894_236_D_215.jpg,Bottoms,2016,6,64,0.44799720901356344
U4fce6cc2cc3530ae2f4b7ca0609edd40,8241971_34_D_215.jpg,20160509230201627_215.jpg,Bottoms,2016,6,67,0.705805052927785
U4fce6cc2cc3530ae2f4b7ca0609edd40,8241971_34_D_215.jpg,11833040B_8_D_215.jpg,Bottoms,2016,6,68,0.4401925359231114
U4fce6cc2cc3530ae2f4b7ca0609edd40,8241971_34_D_215.jpg,20160608024404213_215.jpg,Bottoms,2016,6,70,0.9197546680980586
U4fce6cc2cc3530ae2f4b7ca0609edd40,8241971_34_D_215.jpg,20150618124654257_215.jpg,Bottoms,2016,6,72,0
U4fce6cc2cc3530ae2f4b7ca0609edd40,8241971_34_D_215.jpg,8288072B_8_D_215.jpg,Bottoms,2016,6,73,0.7204089108223823
U4fce6cc2cc3530ae2f4b7ca0609edd40,8241971_34_D_215.jpg,20160608184654771_215.jpg,Bottoms,2016,6,74,0.14704676840697103
U4fce6cc2cc3530ae2f4b7ca0609edd40,8241971_34_D_215.jpg,20160601112342746_215.jpg,Bottoms,2016,6,75,0.2679971344863535
U4fce6cc2cc3530ae2f4b7ca0609edd40,8241971_34_D_215.jpg,20160419012839936_215.jpg,Bottoms,2016,6,82,0.5840085426162772
U4fce6cc2cc3530ae2f4b7ca0609edd40,8241971_34_D_215.jpg,20160607010721035_215.jpg,Bottoms,2016,6,83,0
U4fce6cc2cc3530ae2f4b7ca0609edd40,8241971_34_D_215.jpg,20160613155801107_215.jpg,Bottoms,2016,6,84,0
U4fce6cc2cc3530ae2f4b7ca0609edd40,8241971_34_D_215.jpg,7489412_1_d_215.jpg,Bottoms,2016,6,85,0.7108348407160114
U4fce6cc2cc3530ae2f4b7ca0609edd40,8241971_34_D_215.jpg,20160611153237880_215.jpg,Bottoms,2016,6,88,0.7092864683093819
U4fce6cc2cc3530ae2f4b7ca0609edd40,8241971_34_D_215.jpg,20160605084329946_215.jpg,Bottoms,2016,6,89,0
U4fce6cc2cc3530ae2f4b7ca0609edd40,8241971_34_D_215.jpg,20160604210029393_215.jpg,Bottoms,2016,6,90,0.3447707235124824
U4fce6cc2cc3530ae2f4b7ca0609edd40,8241971_34_D_215.jpg,20150520093133071_215.jpg,Bottoms,2016,6,91,0
U4fce6cc2cc3530ae2f4b7ca0609edd40,8241971_34_D_215.jpg,20150718055058612_215.jpg,Bottoms,2016,6,92,0
U4fce6cc2cc3530ae2f4b7ca0609edd40,8241971_34_D_215.jpg,8215860B_8_D_215.jpg,Bottoms,2016,6,96,0.357875913561463
U4fce6cc2cc3530ae2f4b7ca0609edd40,8241971_34_D_215.jpg,20150521192339216_215.jpg,Bottoms,2016,6,98,0.6574919448000348
U4fce6cc2cc3530ae2f4b7ca0609edd40,8241971_34_D_215.jpg,12190655_8_D_215.jpg,Bottoms,2016,6,99,0.4238914091589314
U4fce6cc2cc3530ae2f4b7ca0609edd40,8241971_34_D_215.jpg,6913717B_5_D_215.jpg,Bottoms,2016,6,2,0.6478519794789841
U4fce6cc2cc3530ae2f4b7ca0609edd40,8241971_34_D_215.jpg,11884730_21_D_215.jpg,Bottoms,2016,6,3,0.7485775778693028
U4fce6cc2cc3530ae2f4b7ca0609edd40,8241971_34_D_215.jpg,7569336B_8_D_215.jpg,Bottoms,2016,6,4,0.3103006186672443
U4fce6cc2cc3530ae2f4b7ca0609edd40,8241971_34_D_215.jpg,20161101225512418_215.jpg,Bottoms,2016,6,5,0.33482464080738567
U4fce6cc2cc3530ae2f4b7ca0609edd40,8241971_34_D_215.jpg,20160609225235972_215.jpg,Bottoms,2016,6,6,0.9227555457385886
U4fce6cc2cc3530ae2f4b7ca0609edd40,8241971_34_D_215.jpg,8375575B_8_D_215.jpg,Bottoms,2016,6,7,0.30998769260628734
U4fce6cc2cc3530ae2f4b7ca0609edd40,8241971_34_D_215.jpg,20160619211733608_215.jpg,Bottoms,2016,6,8,0.4761718036595757
U4fce6cc2cc3530ae2f4b7ca0609edd40,8241971_34_D_215.jpg,20150810123606803_215.jpg,Bottoms,2016,6,9,0
U4fce6cc2cc3530ae2f4b7ca0609edd40,8241971_34_D_215.jpg,20160624063328606_215.jpg,Bottoms,2016,6,10,0.718826343881929
U4fce6cc2cc3530ae2f4b7ca0609edd40,8241971_34_D_215.jpg,20160623235311627_215.jpg,Bottoms,2016,6,11,0.7056227092084592
U4fce6cc2cc3530ae2f4b7ca0609edd40,8241971_34_D_215.jpg,20160325031301096_215.jpg,Bottoms,2016,6,13,0.46569001011263794
U4fce6cc2cc3530ae2f4b7ca0609edd40,8241971_34_D_215.jpg,12459561_8_D_215.jpg,Bottoms,2016,6,14,0.4019295188346796
U4fce6cc2cc3530ae2f4b7ca0609edd40,8241971_34_D_215.jpg,5805618B_33_D_215.jpg,Bottoms,2016,6,15,0.3889715658717147
U4fce6cc2cc3530ae2f4b7ca0609edd40,8241971_34_D_215.jpg,6856645B_8_D_215.jpg,Bottoms,2016,6,17,0.5954094717639018
U4fce6cc2cc3530ae2f4b7ca0609edd40,8241971_34_D_215.jpg,20160410204308159_215.jpg,Bottoms,2016,6,18,0.6649826182153215
U4fce6cc2cc3530ae2f4b7ca0609edd40,8241971_34_D_215.jpg,20160602171941914_215.jpg,Bottoms,2016,6,19,0.17879570870346384
U4fce6cc2cc3530ae2f4b7ca0609edd40,8241971_34_D_215.jpg,20150709045047435_215.jpg,Bottoms,2016,6,20,0.4826598436009266
U4fce6cc2cc3530ae2f4b7ca0609edd40,8241971_34_D_215.jpg,20160518092353424_215.jpg,Bottoms,2016,6,22,0.36349055103688893
U4fce6cc2cc3530ae2f4b7ca0609edd40,8241971_34_D_215.jpg,7815301B_33_D_215.jpg,Bottoms,2016,6,23,0.6307115935702513
U4fce6cc2cc3530ae2f4b7ca0609edd40,8241971_34_D_215.jpg,8788019B_8_D_215.jpg,Bottoms,2016,6,24,0.1935623660437069
U4fce6cc2cc3530ae2f4b7ca0609edd40,8241971_34_D_215.jpg,20141229160037036_215.jpg,Bottoms,2016,6,25,0.5355770939139035
U4fce6cc2cc3530ae2f4b7ca0609edd40,8241971_34_D_215.jpg,10465269B_8_D_215.jpg,Bottoms,2016,6,26,0.5471769572407151
U4fce6cc2cc3530ae2f4b7ca0609edd40,8241971_34_D_215.jpg,9598145B_33_D_215.jpg,Bottoms,2016,6,27,0.3699802392620365
U4fce6cc2cc3530ae2f4b7ca0609edd40,8241971_34_D_215.jpg,20161029171355885_215.jpg,Bottoms,2016,6,28,0.5602149659892403
U4fce6cc2cc3530ae2f4b7ca0609edd40,8241971_34_D_215.jpg,11667312B_16_D_215.jpg,Bottoms,2016,6,29,0.4489795995689983
U4fce6cc2cc3530ae2f4b7ca0609edd40,8241971_34_D_215.jpg,20160621232343436_215.jpg,Bottoms,2016,6,30,0.6140798256887182
U4fce6cc2cc3530ae2f4b7ca0609edd40,8241971_34_D_215.jpg,20160128173245050_215.jpg,Bottoms,2016,6,31,0.4333183775976323
U4fce6cc2cc3530ae2f4b7ca0609edd40,8241971_34_D_215.jpg,9477654B_8_D_215.jpg,Bottoms,2016,6,32,0.51745014261676
U4fce6cc2cc3530ae2f4b7ca0609edd40,8241971_34_D_215.jpg,20160516184819319_215.jpg,Bottoms,2016,6,33,0.4698507586346276
U4fce6cc2cc3530ae2f4b7ca0609edd40,8241971_34_D_215.jpg,12157770B_14_D_215.jpg,Bottoms,2016,6,36,0.591085982776248
U4fce6cc2cc3530ae2f4b7ca0609edd40,8241971_34_D_215.jpg,20160604112145070_215.jpg,Bottoms,2016,6,40,0.33021088056541464
U4fce6cc2cc3530ae2f4b7ca0609edd40,8241971_34_D_215.jpg,20160612161818727_215.jpg,Bottoms,2016,6,42,0.27966227890505296
U4fce6cc2cc3530ae2f4b7ca0609edd40,8241971_34_D_215.jpg,12262004B_34_D_215.jpg,Bottoms,2016,6,45,0.905276746572117
U4fce6cc2cc3530ae2f4b7ca0609edd40,8241971_34_D_215.jpg,7731473_8_D_215.jpg,Bottoms,2016,6,46,0.43742742583366523
U4fce6cc2cc3530ae2f4b7ca0609edd40,8241971_34_D_215.jpg,20160503121029758_215.jpg,Bottoms,2016,6,47,0.055806537716955956
U4fce6cc2cc3530ae2f4b7ca0609edd40,8241971_34_D_215.jpg,20160604133933553_215.jpg,Bottoms,2016,6,48,0.28757047633399013
U4fce6cc2cc3530ae2f4b7ca0609edd40,8241971_34_D_215.jpg,9651502B_8_D_215.jpg,Bottoms,2016,6,51,0.5270030436823325
U4fce6cc2cc3530ae2f4b7ca0609edd40,8241971_34_D_215.jpg,20160619124629041_215.jpg,Bottoms,2016,6,53,0.6322706012104354
U4fce6cc2cc3530ae2f4b7ca0609edd40,8241971_34_D_215.jpg,20160619140655624_215.jpg,Bottoms,2016,6,54,0.38147934222271257
U4fce6cc2cc3530ae2f4b7ca0609edd40,8241971_34_D_215.jpg,6451284B_132_D_215.jpg,Bottoms,2016,6,55,0.6946123709049797
U4fce6cc2cc3530ae2f4b7ca0609edd40,8241971_34_D_215.jpg,10411944B_16_D_215.jpg,Bottoms,2016,6,56,0.33429883403043104
U4fce6cc2cc3530ae2f4b7ca0609edd40,8241971_34_D_215.jpg,20160405072444061_215.jpg,Bottoms,2016,6,57,0.1396576815057591
U4fce6cc2cc3530ae2f4b7ca0609edd40,8241971_34_D_215.jpg,20170122234838473_215.jpg,Bottoms,2016,6,58,0.39634977295133855
U4fce6cc2cc3530ae2f4b7ca0609edd40,8241971_34_D_215.jpg,20151102090807543_215.jpg,Bottoms,2016,6,59,0.4263537250206985
U4fce6cc2cc3530ae2f4b7ca0609edd40,8241971_34_D_215.jpg,8787833_8_D_215.jpg,Bottoms,2016,6,60,0.5285234326073831
U4fce6cc2cc3530ae2f4b7ca0609edd40,8241971_34_D_215.jpg,20160817013842115_215.jpg,Bottoms,2016,6,63,0
U4fce6cc2cc3530ae2f4b7ca0609edd40,8241971_34_D_215.jpg,8330894_236_D_215.jpg,Bottoms,2016,6,64,0.44799720901356344
U4fce6cc2cc3530ae2f4b7ca0609edd40,8241971_34_D_215.jpg,20160509230201627_215.jpg,Bottoms,2016,6,67,0.705805052927785
U4fce6cc2cc3530ae2f4b7ca0609edd40,8241971_34_D_215.jpg,11833040B_8_D_215.jpg,Bottoms,2016,6,68,0.4401925359231114
U4fce6cc2cc3530ae2f4b7ca0609edd40,8241971_34_D_215.jpg,20160608024404213_215.jpg,Bottoms,2016,6,70,0.9197546680980586
U4fce6cc2cc3530ae2f4b7ca0609edd40,8241971_34_D_215.jpg,20150618124654257_215.jpg,Bottoms,2016,6,72,0
U4fce6cc2cc3530ae2f4b7ca0609edd40,8241971_34_D_215.jpg,8288072B_8_D_215.jpg,Bottoms,2016,6,73,0.7204089108223823
U4fce6cc2cc3530ae2f4b7ca0609edd40,8241971_34_D_215.jpg,20160608184654771_215.jpg,Bottoms,2016,6,74,0.14704676840697103
U4fce6cc2cc3530ae2f4b7ca0609edd40,8241971_34_D_215.jpg,20160601112342746_215.jpg,Bottoms,2016,6,75,0.2679971344863535
U4fce6cc2cc3530ae2f4b7ca0609edd40,8241971_34_D_215.jpg,20160419012839936_215.jpg,Bottoms,2016,6,82,0.5840085426162772
U4fce6cc2cc3530ae2f4b7ca0609edd40,8241971_34_D_215.jpg,20160607010721035_215.jpg,Bottoms,2016,6,83,0
U4fce6cc2cc3530ae2f4b7ca0609edd40,8241971_34_D_215.jpg,20160613155801107_215.jpg,Bottoms,2016,6,84,0
U4fce6cc2cc3530ae2f4b7ca0609edd40,8241971_34_D_215.jpg,7489412_1_d_215.jpg,Bottoms,2016,6,85,0.7108348407160114
U4fce6cc2cc3530ae2f4b7ca0609edd40,8241971_34_D_215.jpg,20160611153237880_215.jpg,Bottoms,2016,6,88,0.7092864683093819
U4fce6cc2cc3530ae2f4b7ca0609edd40,8241971_34_D_215.jpg,20160605084329946_215.jpg,Bottoms,2016,6,89,0
U4fce6cc2cc3530ae2f4b7ca0609edd40,8241971_34_D_215.jpg,20160604210029393_215.jpg,Bottoms,2016,6,90,0.3447707235124824
U4fce6cc2cc3530ae2f4b7ca0609edd40,8241971_34_D_215.jpg,20150520093133071_215.jpg,Bottoms,2016,6,91,0
U4fce6cc2cc3530ae2f4b7ca0609edd40,8241971_34_D_215.jpg,20150718055058612_215.jpg,Bottoms,2016,6,92,0
U4fce6cc2cc3530ae2f4b7ca0609edd40,8241971_34_D_215.jpg,8215860B_8_D_215.jpg,Bottoms,2016,6,96,0.357875913561463
U4fce6cc2cc3530ae2f4b7ca0609edd40,8241971_34_D_215.jpg,20150521192339216_215.jpg,Bottoms,2016,6,98,0.6574919448000348
U4fce6cc2cc3530ae2f4b7ca0609edd40,8241971_34_D_215.jpg,12190655_8_D_215.jpg,Bottoms,2016,6,99,0.4238914091589314
