rank,tops1,tops2,tops3,pants
2,11988780B_16_D_215.jpg,12191713_1_D_215.jpg,,6913717B_5_D_215.jpg
3,11369848B_160_D_215.jpg,11435840B_18_D_215.jpg,,11884730_21_D_215.jpg
4,12262126B_14_D_215.jpg,12063825_1_D_215.jpg,20160610143809086_215.jpg,7569336B_8_D_215.jpg
5,8241971_34_D_215.jpg,,,20161101225512418_215.jpg
6,,,,20160609225235972_215.jpg
7,6694458B_20_D_215.jpg,7981462B_22_D_215.jpg,,8375575B_8_D_215.jpg
8,10585970_1_D_215.jpg,20160424200343204_215.jpg,,20160619211733608_215.jpg
9,20160507110105497_215.jpg,,,20150810123606803_215.jpg
10,10328510B_18_D_215.jpg,,,20160624063328606_215.jpg
11,6728181_8_D_215.jpg,,,20160623235311627_215.jpg
13,11926807_21_D_215.jpg,7115519B_1_D_215.jpg,,20160325031301096_215.jpg
14,11200749B_14_D_215.jpg,,,12459561_8_D_215.jpg
15,10229514_35_D_215.jpg,,,5805618B_33_D_215.jpg
17,20160604142631418_215.jpg,20160604142742909_215.jpg,,6856645B_8_D_215.jpg
18,12426485_21_D_215.jpg,20160612222239021_215.jpg,,20160410204308159_215.jpg
19,20160602171707483_215.jpg,,,20160602171941914_215.jpg
20,10192577B_38_D_215.jpg,,,20150709045047435_215.jpg
21,20160530131832799_215.jpg,20160607060817762_215.jpg,,
22,20140926152737493_215.jpg,,,20160518092353424_215.jpg
23,20160605072411857_215.jpg,20160605082021723_215.jpg,,7815301B_33_D_215.jpg
24,20160609185934928_215.jpg,12296559_1_D_215.jpg,,8788019B_8_D_215.jpg
25,,,,20141229160037036_215.jpg
26,11453459B_8_D_215.jpg,12786995_1_D_215.jpg,,10465269B_8_D_215.jpg
27,11181160_8_D_215.jpg,12116370B_1_D_215.jpg,,9598145B_33_D_215.jpg
28,20160606124537440_215.jpg,,,20161029171355885_215.jpg
29,20160429114429503_215.jpg,20160413012400269_215.jpg,,11667312B_16_D_215.jpg
30,8073650_20_D_215.jpg,20160621232254549_215.jpg,,20160621232343436_215.jpg
31,12786399_8_D_215.jpg,,,20160128173245050_215.jpg
32,8000299B_8_D_215.jpg,,,9477654B_8_D_215.jpg
33,20160516184642095_215.jpg,,,20160516184819319_215.jpg
36,12638245B_14_D_215.jpg,12606836B_14_D_215.jpg,,12157770B_14_D_215.jpg
40,20160604102548843_215.jpg,,,20160604112145070_215.jpg
42,20160612161757434_215.jpg,,,20160612161818727_215.jpg
45,11061652B_21_D_215.jpg,,,12262004B_34_D_215.jpg
46,20160417132323399_215.jpg,,,7731473_8_D_215.jpg
47,20160530142535016_215.jpg,,,20160503121029758_215.jpg
48,12637392_103_D_215.jpg,,,20160604133933553_215.jpg
49,13007557_1_D_215.jpg,20160620234743151_215.jpg,20160620234931644_215.jpg,
51,11092478B_1_D_215.jpg,,,9651502B_8_D_215.jpg
53,11956435B_8_D_215.jpg,20160619124225877_215.jpg,,20160619124629041_215.jpg
54,20160126173237090_215.jpg,,,20160619140655624_215.jpg
55,20150314204513766_215.jpg,11668136_18_D_215.jpg,,6451284B_132_D_215.jpg
56,20160322190617132_215.jpg,12991414B_1_D_215.jpg,,10411944B_16_D_215.jpg
57,20160608161524951_215.jpg,,,20160405072444061_215.jpg
58,20160621135851259_215.jpg,,,20170122234838473_215.jpg
59,20160530194843450_215.jpg,,,20151102090807543_215.jpg
60,20160613224809634_215.jpg,12116370B_1_D_215.jpg,,8787833_8_D_215.jpg
63,20160622183457159_215.jpg,20150629055649139_215.jpg,,20160817013842115_215.jpg
64,20160628051903410_215.jpg,10585970_1_D_215.jpg,11338393B_18_D_215.jpg,8330894_236_D_215.jpg
67,20160603114927172_215.jpg,2313745_18_D_215.jpg,,20160509230201627_215.jpg
68,11709455B_14_D_215.jpg,6840379B_1_D_215.jpg,,11833040B_8_D_215.jpg
70,20160608020349635_215.jpg,12062636B_1_D_215.jpg,,20160608024404213_215.jpg
72,11693293B_55_D_215.jpg,12116370B_1_D_215.jpg,,20150618124654257_215.jpg
73,11077966_1_D_215.jpg,20160227154411120_215.jpg,,8288072B_8_D_215.jpg
74,20160608151702980_215.jpg,8907822B_8_D_215.jpg,,20160608184654771_215.jpg
75,20160530131832799_215.jpg,,,20160601112342746_215.jpg
76,,,,
81,8363117B_154_D_215.jpg,,,
82,20151021205221556_215.jpg,9199617B_18_D_215.jpg,20160319215547432_215.jpg,20160419012839936_215.jpg
83,20160607010741563_215.jpg,,,20160607010721035_215.jpg
84,20151031214833679_215.jpg,,,20160613155801107_215.jpg
85,20160202120615295_215.jpg,20160213022444102_215.jpg,,7489412_1_d_215.jpg
88,20160612083957088_215.jpg,,,20160611153237880_215.jpg
89,20160605081658097_215.jpg,20160605081429166_215.jpg,20160605080450223_215.jpg,20160605084329946_215.jpg
90,20160604215150097_215.jpg,10393991B_1_D_215.jpg,,20160604210029393_215.jpg
91,20160310012426932_215.jpg,11486098_1_D_215.jpg,,20150520093133071_215.jpg
92,20160626104610527_215.jpg,,,20150718055058612_215.jpg
93,20160530202708945_215.jpg,,,
95,,,,
96,7032100B_1_D_215.jpg,,,8215860B_8_D_215.jpg
98,20160602180440420_215.jpg,,,20150521192339216_215.jpg
99,11832938B_18_D_215.jpg,12427596_1_D_215.jpg,,12190655_8_D_215.jpg